alpha,rmse_train,rmse_cv,so_bien_con_lai
0.0001,33.98939765133329,104.76524178525287,200
0.00011233240329780277,33.9893977307628,104.76358384255892,200
0.0001261856883066021,33.98939783099149,104.7617214807865,200
0.00014174741629268049,33.98939795746575,104.75962948825831,200
0.00015922827933410923,33.98939811705815,104.75727963146747,200
0.0001788649529057435,33.98939831844094,104.75464015109571,200
0.00020092330025650479,33.989398572557185,104.75167524170728,200
0.0002257019719633919,33.989398893215515,104.748344865187,200
0.00025353644939701115,33.98939929784042,104.74460399997598,200
0.0002848035868435802,33.98939980841915,104.74040204629281,200
0.00031992671377973844,33.98940045269642,104.73568231268254,200
0.00035938136638046257,33.9894012656821,104.73038109187625,200
0.0004037017258596554,33.98940229155324,104.72442655582716,200
0.00045348785081285824,33.98940358604372,104.71773836107938,200
0.000509413801481638,33.98940521915049,104.71022651086537,200
0.0005722367659350221,33.98940728072739,104.70178925619919,200
0.0006428073117284319,33.98940988106989,104.69231287608059,200
0.0007220809018385464,33.98941316293934,104.6816700137512,200
0.0008111308307896872,33.98941730418846,104.66971661384267,200
0.0009111627561154887,33.98942252985145,104.65629233184129,200
0.001023531021899027,33.98942912388911,104.6412162161187,200
0.0011497569953977356,33.98943744461908,104.62428554883755,200
0.001291549665014884,33.989447944186594,104.60527300882075,200
0.0014508287784959402,33.989461193133444,104.58392328214936,200
0.0016297508346206436,33.989477911400904,104.55994986557553,200
0.0018307382802953678,33.989499007450014,104.53311678057922,200
0.0020565123083486517,33.9895256276261,104.50304595280984,200
0.002310129700083158,33.98955921844878,104.46928541956684,200
0.002595024211399737,33.98960160521217,104.43138619660103,200
0.002915053062825176,33.98965509116496,104.3888434735646,200
0.0032745491628777285,33.989722582635196,104.3408850229254,200
0.0036783797718286343,33.98980774620822,104.2867936161914,200
0.004132012400115334,33.98991518599679,104.22637939650693,200
0.004641588833612782,33.99005078419574,104.16103443336371,200
0.005214008287999685,33.99022189065321,104.08795713006256,200
0.005857020818056668,33.990434006026554,104.0050876611391,199
0.006579332246575682,33.99070043215486,103.9121317688972,199
0.007390722033525776,33.99103662080855,103.8077709789605,199
0.008302175681319744,33.99146083772538,103.689665156816,199
0.0093260334688322,33.991996122125215,103.55720297763182,199
0.010476157527896652,33.99266425692268,103.40910476672913,197
0.011768119524349979,33.99350008982986,103.24464758818537,198
0.013219411484660288,33.99454064149117,103.06166941346261,196
0.01484968262254465,33.995824578206026,102.8560829904551,195
0.016681005372000592,33.997444304532834,102.62519371615868,195
0.01873817422860383,33.99948750576781,102.36706385669854,195
0.0210490414451202,34.00203125603577,102.07849571223846,194
0.023644894126454073,34.00522405654333,101.75526632495114,195
0.026560877829466867,34.00926047635921,101.40420223165455,195
0.029836472402833405,34.01435374544901,101.02701711217607,195
0.03351602650938841,34.02078617602627,100.6149463545231,196
0.037649358067924674,34.02890087503783,100.17002955707268,196
0.04229242874389499,34.03914735968047,99.68821097829428,198
0.04750810162102798,34.05210937272248,99.15201301797161,198
0.05336699231206307,34.059980202872055,98.58158686272857,197
0.05994842503189409,34.06910838786868,97.94238936593973,196
0.06734150657750822,34.080501378979335,97.21671367709104,196
0.07564633275546291,34.094861297937804,96.41913733657711,195
0.08497534359086438,34.121748843592776,95.56545807769567,197
0.09545484566618337,34.155989246490435,94.6529807435166,197
0.10722672220103231,34.19914675344506,93.68883145206601,197
0.12045035402587824,34.252977283463146,92.6488873352866,196
0.1353047774579806,34.32021078540745,91.51846632061422,195
0.1519911082952933,34.377963884357335,90.35726632644638,193
0.17073526474706904,34.43706145513926,89.15990942951039,193
0.19179102616724888,34.509867462982115,87.86272116928077,191
0.21544346900318845,34.59663324958796,86.52691150254618,187
0.2420128264794381,34.704905465805815,85.06154467938782,186
0.271858824273294,34.83998064696273,83.46919244215815,184
0.30538555088334157,34.99830644150199,81.81187667062022,181
0.34304692863149194,35.18944598253641,80.12809582043896,177
0.38535285937105274,35.41625107724434,78.39859602728829,173
0.4328761281083057,35.67427302271537,76.69983083126566,169
0.4862601580065353,35.97818571903633,75.03704848737753,164
0.5462277217684343,36.33003042914815,73.44603711889864,157
0.6135907273413169,36.72169412594696,72.04345494686208,155
0.6892612104349695,37.194076731896004,70.73442492416056,151
0.774263682681127,37.74544733766613,69.53666694654659,145
0.8697490026177834,38.332840810450705,68.36829545785001,139
0.9770099572992247,38.95927893226238,67.3083828517955,133
1.0974987654930568,39.6668279458974,66.41664652745946,127
1.232846739442066,40.489061249737674,65.52641116051069,123
1.3848863713938717,41.39101528886094,64.6579351003714,115
1.5556761439304723,42.294286875035645,63.813848949023985,101
1.747528400007683,43.25289741179396,62.998226740279115,94
1.9630406500402724,44.249155004814405,62.25857756377411,85
2.2051307399030455,45.35146888662989,61.56255187914805,79
2.477076355991709,46.54953822822284,60.88867977346041,70
2.782559402207126,47.80178097120937,60.31674629099275,63
3.1257158496882353,49.14080072054118,59.829459502506545,58
3.5111917342151275,50.411391072706635,59.41845811171556,49
3.944206059437656,51.71168842066882,58.98701390100507,36
4.430621457583878,52.841445359719984,58.553051925055726,30
4.9770235643321135,53.84072657214691,58.23210833425125,20
5.5908101825122225,54.674473602719516,58.12901102583338,15
6.280291441834247,55.453034840446335,58.03441678571867,10
7.054802310718645,55.92893128507992,57.94416150186255,5
7.92482898353917,56.282208709606515,57.90561461332838,5
8.902150854450392,56.64492561605584,58.02193575213857,4
10.0,57.012312294344376,58.31542633848924,4
