v1,v2,Unnamed: 2,Unnamed: 3,Unnamed: 4
ham,"Also, Lol that's so funny, send me the video haha",,,
spam,"YOUR ACCOUNT HAS BEEN CREDITED WITH £500. REPLY YES TO CLAIM YOUR BONUS NOW, OFFER ENDS TODAY OFFER ENDS SOON",,,
ham,I'll be there in five minutes thanks,,,
ham,"Btw, Let's meet at the coffee shop at 9 haha",,,
ham,"Hey, I'm on my way, be there in 10 mins see ya",,,
spam,"Dear customer, Win a brand new car by entering our free draw. Text CAR to 89545 before offer closes tonight Reply STOP to opt out",,,
ham,"BTW, WHAT ARE YOU DOING THIS WEEKEND? LET ME KNOW",,,
spam,"Reminder: your reward of £750 is waiting, claim now by texting CLAIM to 82277 before it expires",,,
ham,"Well, Can you pick up milk on your way home? :)",,,
ham,"OK, DID YOU FINISH THE REPORT YET? :)",,,
spam,"ALERT: Reminder: your reward of £750 is waiting, claim now by texting CLAIM to 82277 before it expires T&Cs apply 1827",,,
ham,"Hey, Happy birthday! Hope you have a great day ok?",,,
ham,"Well, Nah I don't think I can make it tonight see ya",,,
ham,"Actually, What time does the movie start? no rush",,,
ham,"Btw, I'm on my way, be there in 10 mins",,,
ham,"Well, See you at the usual place tomorrow 7897",,,
ham,"SO JUST LANDED, WILL CALL YOU SOON LET ME KNOW",,,
ham,"ACTUALLY, HAPPY BIRTHDAY! HOPE YOU HAVE A GREAT DAY",,,
spam,Win a brand new car by entering our free draw. Text CAR to 89545 before offer closes tonight,,,
ham,"OK, CAN YOU PICK UP MILK ON YOUR WAY HOME? HAHA",,,
ham,"Well, What time does the movie start? thanks 4287",,,
ham,"Well, Just landed, will call you soon no rush 1251",,,
ham,"Hey, I'll pay you back on Friday, promise thanks",,,
ham,SEE YOU AT THE USUAL PLACE TOMORROW SEE YA,,,
ham,"Also, Don't forget to bring your charger",,,
ham,"Hey, Can you send me the address again? ok?",,,
ham,"Also, I'm running late, traffic is bad no rush",,,
ham,"Well, Can we reschedule our meeting to Friday? haha",,,
ham,"Ok, How was your exam today? ok?",,,
ham,"I'm on my way, be there in 10 mins no rush 7338",,,
ham,So Can you pick up milk on your way home? 8541,,,
spam,"Hi, URGENT! Your mobile number has won a prize of £5000! Call 09061743806 from a landline to claim",,,
ham,"Also, Happy birthday! Hope you have a great day thanks",,,
ham,"Ok, How was your exam today? no rush 1090",,,
ham,"Well, Just landed, will call you soon see ya",,,
ham,"I'm on my way, be there in 10 mins :)",,,
ham,"Well, U dun say so early hor, u c already then say",,,
ham,"So Mom said dinner is ready, come home ok? 4844",,,
ham,"Actually, Just landed, will call you soon thanks",,,
ham,"Actually, Nah I don't think I can make it tonight thanks",,,
ham,"Hey, U dun say so early hor, u c already then say thanks",,,
ham,Nah I don't think I can make it tonight haha,,,
spam,"NOTICE: REMINDER: YOUR REWARD OF £750 IS WAITING, CLAIM NOW BY TEXTING CLAIM TO 82277 BEFORE IT EXPIRES",,,
ham,What time does the movie start? :),,,
ham,Can you pick up milk on your way home? :),,,
ham,"So U dun say so early hor, u c already then say thanks 2641",,,
ham,So What time does the movie start? thanks,,,
ham,"WELL, SEE YOU AT THE USUAL PLACE TOMORROW SEE YA",,,
ham,"Also, Can you send me the address again? no rush",,,
ham,"Btw, The kids are asking when you'll be back thanks",,,
ham,"Ok, Did you finish the report yet? see ya",,,
ham,"Actually, Nah I don't think I can make it tonight :)",,,
ham,"Btw, Thanks for helping me move last weekend",,,
ham,"SO MOM SAID DINNER IS READY, COME HOME THANKS",,,
ham,"Hey, Please remember to feed the cat thanks",,,
ham,"Also, I'll pay you back on Friday, promise :)",,,
ham,"So Mom said dinner is ready, come home no rush",,,
ham,"Actually, See you at the usual place tomorrow see ya",,,
ham,"Ok, Nah I don't think I can make it tonight :) 4929",,,
ham,"Hey, What are you doing this weekend? thanks 6191",,,
ham,"Well, Cool, see you then let me know 9433",,,
ham,"I left my keys at your place, can you check?",,,
ham,"Also, Thanks for helping me move last weekend see ya",,,
ham,"Actually, Let's meet at the coffee shop at 9 ok?",,,
ham,"Hey, Hey, are you free tonight? Let's grab dinner 1990",,,
ham,"Also, Good morning, hope you slept well haha 4630",,,
spam,"DEAR CUSTOMER, FREEMSG: HEY THERE DARLING, TXT BACK TO CLAIM YOUR FREE GIFT, HURRY OFFER CLOSES SOON T&CS APPLY",,,
ham,"Btw, Mom said dinner is ready, come home",,,
ham,See you at the usual place tomorrow,,,
ham,"Just landed, will call you soon haha 7406",,,
ham,"ACTUALLY, JUST LANDED, WILL CALL YOU SOON HAHA 8202",,,
ham,"Also, How was your exam today?",,,
ham,"Hey, U dun say so early hor, u c already then say ok?",,,
ham,"Ok, See you at the usual place tomorrow",,,
ham,"Actually, I'll pay you back on Friday, promise ok?",,,
spam,"HI, FREE MSG: YOU ARE ELIGIBLE FOR A DISCOUNT ON YOUR NEXT MOBILE BILL. CALL 08000930705 NOW TO CLAIM LIMITED TIME ONLY 5653",,,
spam,NOTICE: Congratulations! You have been selected to receive a free iPhone. Claim now by texting CLAIM to 84484,,,
ham,"So I'm running late, traffic is bad no rush",,,
ham,"ALSO, OK LAR... I'LL CALL YOU LATER HAHA",,,
ham,"Ok, Ok lar... I'll call you later haha 2163",,,
ham,"Hey, The kids are asking when you'll be back :)",,,
ham,So Don't forget to bring your charger no rush,,,
ham,"Hey, The kids are asking when you'll be back :) 1201",,,
spam,Congratulations! You have been selected to receive a free iPhone. Claim now by texting CLAIM to 84484 Limited time only,,,
ham,"Well, I left my keys at your place, can you check? :)",,,
ham,"Well, Thanks for helping me move last weekend see ya 7652",,,
ham,So The kids are asking when you'll be back ok? 1639,,,
ham,"Well, What are you doing this weekend? thanks",,,
ham,"Mom said dinner is ready, come home :)",,,
ham,"Actually, I'm running late, traffic is bad let me know",,,
ham,"So Just landed, will call you soon let me know",,,
ham,"Actually, What are you doing this weekend? :)",,,
ham,"ACTUALLY, WHAT TIME DOES THE MOVIE START? HAHA",,,
ham,"Btw, What are you doing this weekend? thanks",,,
ham,"Also, Good morning, hope you slept well let me know",,,
ham,"WELL, CAN YOU SEND ME THE ADDRESS AGAIN? 5127",,,
spam,"Hi, You have been randomly selected to win a shopping voucher. Text SHOP to 85023 now for free entry Offer ends soon",,,
ham,"ALSO, DON'T FORGET TO BRING YOUR CHARGER NO RUSH",,,
ham,I'll be there in five minutes 3762,,,
ham,"Ok, Thanks for helping me move last weekend",,,
ham,"I'll pay you back on Friday, promise :)",,,
ham,"Btw, I'm on my way, be there in 10 mins let me know",,,
ham,"Hey, I'm running late, traffic is bad ok?",,,
ham,"Ok, Don't forget to bring your charger",,,
ham,"Actually, What are you doing this weekend? thanks 8034",,,
ham,"Also, Just landed, will call you soon no rush",,,
ham,"Hey, Can we reschedule our meeting to Friday? :)",,,
ham,"Also, The kids are asking when you'll be back see ya",,,
ham,"So I'll pay you back on Friday, promise ok?",,,
ham,"GOOD MORNING, HOPE YOU SLEPT WELL OK?",,,
ham,"ACTUALLY, JUST LANDED, WILL CALL YOU SOON SEE YA",,,
ham,"Ok, U dun say so early hor, u c already then say haha",,,
spam,NOTICE: FreeMsg: Txt CALL to 86888 and claim your reward of 3 hours talk time to use from your phone now Limited time only,,,
ham,"Ok, Mom said dinner is ready, come home no rush 8080",,,
ham,"Ok, Can you pick up milk on your way home? no rush",,,
ham,"Actually, Thanks for helping me move last weekend haha",,,
ham,"ALSO, HOW WAS YOUR EXAM TODAY? SEE YA",,,
ham,"Btw, Sorry I missed your call, was in a meeting ok?",,,
ham,"Hey, Did you finish the report yet? see ya",,,
ham,"Hey, Nah I don't think I can make it tonight :) 7237",,,
ham,"Well, Did you finish the report yet? see ya",,,
ham,"Also, Lol that's so funny, send me the video thanks",,,
ham,So Can you send me the address again? :),,,
ham,"Hey, I'm on my way, be there in 10 mins",,,
ham,So I'll be there in five minutes haha,,,
ham,"Well, Please remember to feed the cat haha",,,
ham,"ALSO, HEY, ARE YOU FREE TONIGHT? LET'S GRAB DINNER NO RUSH",,,
ham,"Ok, Can you send me the address again? haha",,,
ham,So Can you send me the address again? see ya,,,
ham,"Also, Can you pick up milk on your way home? haha",,,
spam,"Dear customer, FREE entry into our weekly draw! Text WIN to 80086 now to claim your prize before it expires 9846",,,
spam,ALERT: You have won a guaranteed cash prize! Reply CASH to claim your reward of £2000 now before offer ends Offer ends soon,,,
ham,"Hey, Mom said dinner is ready, come home haha 9148",,,
ham,"Btw, I'll pay you back on Friday, promise let me know 4659",,,
ham,"Hey, What are you doing this weekend? thanks",,,
ham,"Ok, Ok lar... I'll call you later no rush",,,
spam,"DEAR CUSTOMER, WINNER!! AS A VALUED CUSTOMER YOU HAVE BEEN SELECTED TO RECEIVE A £900 PRIZE REWARD! CALL NOW",,,
ham,"Ok, I'm on my way, be there in 10 mins see ya 3167",,,
ham,So What time does the movie start? ok?,,,
spam,"DEAR CUSTOMER, CONGRATULATIONS! YOU HAVE BEEN SELECTED TO RECEIVE A FREE IPHONE. CLAIM NOW BY TEXTING CLAIM TO 84484 REPLY STOP TO OPT OUT 1807",,,
ham,"Ok, Did you finish the report yet? haha 4965",,,
spam,NOTICE: FREE entry into our weekly draw! Text WIN to 80086 now to claim your prize before it expires Offer ends soon,,,
ham,"Btw, Let's meet at the coffee shop at 9 haha",,,
ham,"Actually, See you at the usual place tomorrow",,,
ham,"HEY, THANKS FOR HELPING ME MOVE LAST WEEKEND LET ME KNOW",,,
ham,"HEY, I'LL PAY YOU BACK ON FRIDAY, PROMISE LET ME KNOW",,,
ham,Let's meet at the coffee shop at 9 no rush,,,
ham,"Also, Ok lar... I'll call you later let me know 9452",,,
ham,"Also, I'll be there in five minutes see ya",,,
spam,"Dear customer, Last chance! Claim your free prize now by calling 09050002311, offer closes at midnight tonight",,,
ham,"Also, I'll be there in five minutes let me know 7609",,,
ham,"Also, Please remember to feed the cat thanks",,,
ham,"ACTUALLY, OK LAR... I'LL CALL YOU LATER :) 1686",,,
ham,"SO I'M ON MY WAY, BE THERE IN 10 MINS SEE YA",,,
spam,"Hi, Congratulations! You've been selected to receive a FREE £1000 cash reward. Text CLAIM to 88888 now Offer ends soon 2264",,,
ham,"Btw, What are you doing this weekend? :)",,,
ham,"Btw, Don't forget to bring your charger :)",,,
ham,SO WHAT ARE YOU DOING THIS WEEKEND? NO RUSH,,,
ham,Thanks for helping me move last weekend,,,
ham,"Also, Did you finish the report yet? :)",,,
spam,"Hi, Text STOP to opt out or reply YES to claim your free entry into this week's £1000 prize draw Limited time only 1427",,,
ham,"Well, Sorry I missed your call, was in a meeting haha",,,
spam,You have won a guaranteed cash prize! Reply CASH to claim your reward of £2000 now before offer ends 5341,,,
ham,"Hey, Ok lar... I'll call you later haha",,,
ham,"Actually, How was your exam today? let me know",,,
ham,"Also, I'll pay you back on Friday, promise :)",,,
ham,"Actually, What time does the movie start? haha",,,
ham,"Lol that's so funny, send me the video 8109",,,
ham,So I'll be there in five minutes :),,,
ham,"Actually, I'll be there in five minutes haha",,,
ham,"Well, Cool, see you then see ya 2045",,,
ham,"ACTUALLY, WHAT ARE YOU DOING THIS WEEKEND?",,,
ham,"Ok, Can we reschedule our meeting to Friday? thanks",,,
ham,"Ok, I left my keys at your place, can you check? no rush",,,
ham,"Well, Hey, are you free tonight? Let's grab dinner thanks",,,
ham,"Actually, Good morning, hope you slept well haha",,,
ham,"Also, Don't forget to bring your charger :)",,,
ham,So Can you pick up milk on your way home? ok? 2463,,,
ham,"Hey, Cool, see you then see ya",,,
ham,"Hey, Ok lar... I'll call you later :)",,,
ham,"Ok, Can you pick up milk on your way home? :)",,,
ham,"Well, The kids are asking when you'll be back no rush 2284",,,
ham,So I'll be there in five minutes see ya,,,
spam,NOTICE: URGENT! Your mobile number has won a prize of £5000! Call 09061743806 from a landline to claim Reply STOP to opt out,,,
ham,"Well, I'll be there in five minutes ok? 5671",,,
ham,So How was your exam today? no rush 4978,,,
ham,So Can you pick up milk on your way home? 8538,,,
ham,"Also, I left my keys at your place, can you check? haha 9998",,,
spam,"NOTICE: Bonus prize alert! You have won a £1500 cash reward, text WON to 87066 now to claim your reward",,,
ham,"Btw, Mom said dinner is ready, come home ok?",,,
ham,See you at the usual place tomorrow let me know,,,
ham,"Ok, Ok lar... I'll call you later haha",,,
ham,"Hey, I'm on my way, be there in 10 mins no rush",,,
spam,"HI, URGENT! YOUR MOBILE NUMBER HAS WON A PRIZE OF £5000! CALL 09061743806 FROM A LANDLINE TO CLAIM T&CS APPLY",,,
ham,"Ok, I'm running late, traffic is bad let me know",,,
ham,"Actually, Mom said dinner is ready, come home :)",,,
spam,"Hi, You have been randomly selected to win a shopping voucher. Text SHOP to 85023 now for free entry",,,
ham,Did you finish the report yet? thanks,,,
ham,So Ok lar... I'll call you later see ya,,,
ham,"Hey, How was your exam today? 6175",,,
ham,"Ok, How was your exam today? let me know 9759",,,
spam,ALERT: URGENT! Your mobile number has won a prize of £5000! Call 09061743806 from a landline to claim,,,
ham,"Well, Happy birthday! Hope you have a great day see ya",,,
ham,Can you pick up milk on your way home? let me know,,,
spam,NOTICE: FREE MSG: You are eligible for a discount on your next mobile bill. Call 08000930705 now to claim Offer ends soon,,,
ham,"Also, Can you pick up milk on your way home? :)",,,
ham,"So I'm on my way, be there in 10 mins ok? 5262",,,
spam,"Hi, Text STOP to opt out or reply YES to claim your free entry into this week's £1000 prize draw Limited time only",,,
ham,"So I'll pay you back on Friday, promise let me know 6050",,,
ham,"U DUN SAY SO EARLY HOR, U C ALREADY THEN SAY HAHA",,,
ham,"Hey, Lol that's so funny, send me the video ok? 5597",,,
ham,Can you pick up milk on your way home?,,,
ham,"ALSO, CAN YOU SEND ME THE ADDRESS AGAIN? LET ME KNOW 2885",,,
ham,"BTW, NAH I DON'T THINK I CAN MAKE IT TONIGHT HAHA",,,
ham,So How was your exam today? no rush,,,
ham,"HEY, PLEASE REMEMBER TO FEED THE CAT HAHA 9383",,,
spam,"ALERT: Your account has been credited with £500. Reply YES to claim your bonus now, offer ends today T&Cs apply",,,
spam,"Dear customer, Your account has been credited with £500. Reply YES to claim your bonus now, offer ends today Offer ends soon",,,
spam,ALERT: FREE entry into our weekly draw! Text WIN to 80086 now to claim your prize before it expires Offer ends soon,,,
ham,OK LAR... I'LL CALL YOU LATER LET ME KNOW,,,
ham,"Actually, Can you pick up milk on your way home? thanks",,,
ham,"Hey, I'm running late, traffic is bad haha",,,
ham,"Actually, Ok lar... I'll call you later haha 8847",,,
ham,"I'm on my way, be there in 10 mins ok?",,,
ham,So Ok lar... I'll call you later :),,,
spam,NOTICE: Win a brand new car by entering our free draw. Text CAR to 89545 before offer closes tonight Limited time only 4296,,,
ham,How was your exam today? see ya,,,
ham,"WELL, U DUN SAY SO EARLY HOR, U C ALREADY THEN SAY THANKS",,,
ham,So How was your exam today? no rush,,,
ham,"Actually, Did you finish the report yet? thanks",,,
ham,"Well, How was your exam today? see ya",,,
ham,"So I'm at the gym, call you after see ya",,,
ham,"Btw, Can you pick up milk on your way home?",,,
ham,"Also, I left my keys at your place, can you check? :)",,,
ham,"Also, I'll be there in five minutes let me know 7609",,,
ham,"Actually, Sorry I missed your call, was in a meeting haha 2213",,,
spam,ALERT: WINNER!! As a valued customer you have been selected to receive a £900 prize reward! Call now T&Cs apply 1483,,,
ham,"So Good morning, hope you slept well no rush",,,
ham,"Well, I'm on my way, be there in 10 mins ok? 2228",,,
ham,SO I'LL BE THERE IN FIVE MINUTES LET ME KNOW,,,
ham,"Hey, Let's meet at the coffee shop at 9 see ya",,,
ham,"Well, Can we reschedule our meeting to Friday? :)",,,
ham,"Also, Can we reschedule our meeting to Friday? see ya 4155",,,
ham,"I'M ON MY WAY, BE THERE IN 10 MINS OK?",,,
ham,"Also, Thanks for helping me move last weekend :) 5681",,,
ham,So Happy birthday! Hope you have a great day haha,,,
ham,"Actually, Thanks for helping me move last weekend thanks",,,
ham,"Hey, Can you pick up milk on your way home? haha 7504",,,
ham,So What are you doing this weekend? no rush,,,
ham,"Also, Can you send me the address again?",,,
spam,"Hi, You have been randomly selected to win a shopping voucher. Text SHOP to 85023 now for free entry T&Cs apply",,,
spam,You have won a guaranteed cash prize! Reply CASH to claim your reward of £2000 now before offer ends 5341,,,
ham,"Hey, Did you finish the report yet? :)",,,
ham,"Well, Cool, see you then ok? 2285",,,
ham,"Also, Good morning, hope you slept well let me know 4652",,,
ham,"ACTUALLY, THANKS FOR HELPING ME MOVE LAST WEEKEND OK?",,,
ham,"Btw, I'm running late, traffic is bad thanks",,,
ham,"Also, I'm at the gym, call you after ok?",,,
ham,"Also, Can you pick up milk on your way home? haha",,,
ham,"Actually, I'm on my way, be there in 10 mins let me know 3165",,,
ham,"Also, Nah I don't think I can make it tonight haha",,,
ham,SO THE KIDS ARE ASKING WHEN YOU'LL BE BACK HAHA,,,
ham,"Ok, Cool, see you then ok? 9689",,,
ham,"BTW, COOL, SEE YOU THEN SEE YA 5237",,,
ham,"Also, I'm on my way, be there in 10 mins thanks",,,
ham,"Ok, Nah I don't think I can make it tonight :)",,,
ham,"Btw, Mom said dinner is ready, come home",,,
ham,"Sorry I missed your call, was in a meeting see ya",,,
ham,"Just landed, will call you soon",,,
ham,"Well, U dun say so early hor, u c already then say see ya",,,
ham,"Also, Did you finish the report yet? haha 2871",,,
ham,"WELL, CAN YOU PICK UP MILK ON YOUR WAY HOME? NO RUSH",,,
ham,"Btw, I'm on my way, be there in 10 mins no rush",,,
ham,"Ok, Let's meet at the coffee shop at 9 thanks",,,
ham,"Btw, Can we reschedule our meeting to Friday? see ya",,,
ham,"Also, See you at the usual place tomorrow let me know 2848",,,
ham,"OK, U DUN SAY SO EARLY HOR, U C ALREADY THEN SAY SEE YA 5729",,,
ham,"Well, Good morning, hope you slept well thanks",,,
ham,"WELL, U DUN SAY SO EARLY HOR, U C ALREADY THEN SAY",,,
ham,"ALSO, U DUN SAY SO EARLY HOR, U C ALREADY THEN SAY 7001",,,
ham,"So Just landed, will call you soon thanks",,,
ham,"Hey, Just landed, will call you soon see ya 7375",,,
ham,"Ok, Mom said dinner is ready, come home :)",,,
ham,"WELL, OK LAR... I'LL CALL YOU LATER SEE YA",,,
ham,"BTW, SEE YOU AT THE USUAL PLACE TOMORROW THANKS",,,
ham,"BTW, LOL THAT'S SO FUNNY, SEND ME THE VIDEO NO RUSH",,,
spam,"Hi, Last chance! Claim your free prize now by calling 09050002311, offer closes at midnight tonight Reply STOP to opt out",,,
ham,"Hey, Ok lar... I'll call you later see ya",,,
ham,"Cool, see you then :)",,,
ham,"Well, How was your exam today? see ya",,,
ham,So Nah I don't think I can make it tonight,,,
ham,"Actually, See you at the usual place tomorrow thanks",,,
ham,"Actually, I left my keys at your place, can you check? thanks",,,
ham,"Hey, Sorry I missed your call, was in a meeting thanks",,,
ham,"Actually, See you at the usual place tomorrow :)",,,
ham,"Btw, Don't forget to bring your charger haha",,,
ham,"Btw, Please remember to feed the cat thanks",,,
ham,"Ok, Nah I don't think I can make it tonight see ya",,,
spam,ALERT: You have won a guaranteed cash prize! Reply CASH to claim your reward of £2000 now before offer ends T&Cs apply,,,
ham,"Actually, Lol that's so funny, send me the video see ya",,,
ham,"Also, What time does the movie start? no rush",,,
ham,"Hey, Can you send me the address again? no rush 5961",,,
spam,ALERT: FreeMsg: Txt CALL to 86888 and claim your reward of 3 hours talk time to use from your phone now T&Cs apply,,,
ham,"Also, Cool, see you then ok? 3103",,,
ham,"ALSO, I'M ON MY WAY, BE THERE IN 10 MINS THANKS",,,
ham,"Well, I'll pay you back on Friday, promise no rush",,,
ham,"Well, Thanks for helping me move last weekend",,,
ham,"Actually, I'll be there in five minutes haha",,,
ham,"Btw, Hey, are you free tonight? Let's grab dinner ok?",,,
ham,"OK, HEY, ARE YOU FREE TONIGHT? LET'S GRAB DINNER HAHA",,,
ham,"Btw, Happy birthday! Hope you have a great day no rush",,,
ham,"Well, Happy birthday! Hope you have a great day let me know",,,
ham,"Btw, I'm at the gym, call you after",,,
ham,"BTW, SEE YOU AT THE USUAL PLACE TOMORROW OK?",,,
ham,"Well, Ok lar... I'll call you later haha",,,
ham,"Well, Can we reschedule our meeting to Friday? :)",,,
spam,You have been randomly selected to win a shopping voucher. Text SHOP to 85023 now for free entry T&Cs apply,,,
ham,"Also, I'm running late, traffic is bad ok?",,,
ham,So What time does the movie start? no rush,,,
ham,"Also, I'm running late, traffic is bad let me know",,,
ham,"Hey, Hey, are you free tonight? Let's grab dinner :)",,,
ham,"So I left my keys at your place, can you check? ok?",,,
ham,"ALSO, HEY, ARE YOU FREE TONIGHT? LET'S GRAB DINNER NO RUSH",,,
ham,"Ok, The kids are asking when you'll be back ok? 3608",,,
ham,HOW WAS YOUR EXAM TODAY? LET ME KNOW,,,
ham,"Actually, Mom said dinner is ready, come home haha 6696",,,
ham,"Hey, Good morning, hope you slept well let me know",,,
ham,"Hey, Good morning, hope you slept well 3286",,,
spam,"Dear customer, Reminder: your reward of £750 is waiting, claim now by texting CLAIM to 82277 before it expires Offer ends soon",,,
ham,"Hey, I'm at the gym, call you after thanks",,,
ham,"Also, Thanks for helping me move last weekend thanks",,,
ham,"Ok, Thanks for helping me move last weekend thanks",,,
ham,"Ok, Can we reschedule our meeting to Friday? :)",,,
ham,"Well, Good morning, hope you slept well :) 4733",,,
spam,"NOTICE: Your account has been credited with £500. Reply YES to claim your bonus now, offer ends today T&Cs apply",,,
ham,"BTW, I'LL PAY YOU BACK ON FRIDAY, PROMISE THANKS 1185",,,
ham,"Btw, The kids are asking when you'll be back see ya",,,
ham,"ALSO, WHAT TIME DOES THE MOVIE START? THANKS",,,
ham,"Btw, The kids are asking when you'll be back let me know",,,
ham,"Actually, I'll pay you back on Friday, promise no rush",,,
ham,"Btw, Just landed, will call you soon haha 6439",,,
spam,ALERT: You have won a guaranteed cash prize! Reply CASH to claim your reward of £2000 now before offer ends Reply STOP to opt out,,,
ham,"Ok, How was your exam today?",,,
ham,"Btw, Let's meet at the coffee shop at 9 :)",,,
ham,"Hey, I'll be there in five minutes no rush",,,
ham,"Actually, Thanks for helping me move last weekend haha",,,
ham,"Hey, Can you send me the address again? let me know 5937",,,
ham,"Well, Thanks for helping me move last weekend",,,
spam,Congratulations! You've been selected to receive a FREE £1000 cash reward. Text CLAIM to 88888 now T&Cs apply,,,
ham,"Btw, Good morning, hope you slept well",,,
ham,"Well, Happy birthday! Hope you have a great day thanks",,,
ham,"Ok, Hey, are you free tonight? Let's grab dinner let me know",,,
ham,"Also, Mom said dinner is ready, come home :)",,,
ham,"SO COOL, SEE YOU THEN THANKS",,,
ham,So How was your exam today? no rush 4978,,,
ham,"Well, Let's meet at the coffee shop at 9 no rush",,,
ham,"Btw, Can you send me the address again? :)",,,
ham,"Hey, I'm on my way, be there in 10 mins :)",,,
ham,So Can you pick up milk on your way home? let me know,,,
ham,"HEY, WHAT ARE YOU DOING THIS WEEKEND? HAHA",,,
ham,"Well, I'm on my way, be there in 10 mins thanks",,,
ham,Don't forget to bring your charger,,,
ham,"Also, Lol that's so funny, send me the video haha",,,
ham,"Actually, Thanks for helping me move last weekend no rush",,,
ham,"Btw, Don't forget to bring your charger see ya",,,
ham,"Also, What time does the movie start? ok?",,,
ham,So Did you finish the report yet?,,,
spam,"Hi, SIX chances to win CASH! From 100 to 20,000 pounds. Text CSH11 and send to 87575 Limited time only",,,
ham,"ALSO, HOW WAS YOUR EXAM TODAY? OK? 2435",,,
ham,"Ok, Good morning, hope you slept well let me know",,,
ham,So Please remember to feed the cat,,,
ham,Can you pick up milk on your way home? no rush,,,
ham,"Ok, What are you doing this weekend? ok?",,,
ham,"Actually, I'm running late, traffic is bad thanks",,,
ham,"I'll pay you back on Friday, promise thanks 9996",,,
ham,How was your exam today? haha,,,
spam,"Hi, SIX chances to win CASH! From 100 to 20,000 pounds. Text CSH11 and send to 87575 Reply STOP to opt out",,,
ham,"Also, I'm on my way, be there in 10 mins see ya",,,
ham,"Good morning, hope you slept well see ya 3200",,,
ham,"Actually, I'm at the gym, call you after let me know",,,
spam,NOTICE: CONGRATULATIONS! YOU'VE BEEN SELECTED TO RECEIVE A FREE £1000 CASH REWARD. TEXT CLAIM TO 88888 NOW OFFER ENDS SOON,,,
ham,"Ok, The kids are asking when you'll be back ok?",,,
spam,NOTICE: WINNER!! As a valued customer you have been selected to receive a £900 prize reward! Call now,,,
ham,"Actually, Good morning, hope you slept well haha",,,
ham,"BTW, DON'T FORGET TO BRING YOUR CHARGER NO RUSH",,,
ham,"Hey, Sorry I missed your call, was in a meeting no rush",,,
ham,"So Sorry I missed your call, was in a meeting thanks",,,
ham,"Well, I'm running late, traffic is bad :) 4951",,,
ham,"Actually, Cool, see you then let me know",,,
ham,"Btw, Lol that's so funny, send me the video haha 2298",,,
ham,"Btw, Hey, are you free tonight? Let's grab dinner thanks 8183",,,
ham,"Btw, What are you doing this weekend? let me know",,,
ham,"Actually, Happy birthday! Hope you have a great day ok?",,,
ham,"ALSO, U DUN SAY SO EARLY HOR, U C ALREADY THEN SAY HAHA",,,
ham,"Btw, Hey, are you free tonight? Let's grab dinner haha 5600",,,
ham,"ACTUALLY, WHAT TIME DOES THE MOVIE START? HAHA",,,
ham,"So Cool, see you then :)",,,
spam,"Hi, URGENT! You have won a 1 week FREE membership in our £100,000 prize Jackpot! Call 09061701444 now",,,
spam,"Dear customer, Win a brand new car by entering our free draw. Text CAR to 89545 before offer closes tonight Offer ends soon",,,
ham,"Btw, Don't forget to bring your charger see ya",,,
ham,"Btw, I'll be there in five minutes haha",,,
ham,"Ok, Hey, are you free tonight? Let's grab dinner :)",,,
ham,"I left my keys at your place, can you check? see ya",,,
ham,"ALSO, WHAT TIME DOES THE MOVIE START? OK?",,,
ham,"Hey, I'm at the gym, call you after no rush",,,
ham,"Hey, See you at the usual place tomorrow see ya",,,
ham,"ALSO, I'LL BE THERE IN FIVE MINUTES OK?",,,
ham,"Hey, Please remember to feed the cat",,,
ham,"Btw, I'm running late, traffic is bad ok?",,,
ham,"Well, Let's meet at the coffee shop at 9 haha",,,
ham,"Ok, The kids are asking when you'll be back no rush 3869",,,
ham,So I'll be there in five minutes ok?,,,
ham,"Also, Cool, see you then no rush",,,
ham,"Hey, U dun say so early hor, u c already then say haha",,,
ham,"Also, What time does the movie start?",,,
ham,"Also, What time does the movie start? thanks",,,
ham,"WELL, I'M ON MY WAY, BE THERE IN 10 MINS",,,
ham,SO WHAT ARE YOU DOING THIS WEEKEND? :),,,
ham,"Ok, I'm running late, traffic is bad let me know",,,
ham,"Btw, Thanks for helping me move last weekend ok?",,,
ham,"Also, Sorry I missed your call, was in a meeting see ya",,,
ham,"Ok, Can you send me the address again? no rush",,,
ham,"Actually, I'm running late, traffic is bad no rush",,,
ham,So How was your exam today? see ya,,,
ham,"Actually, U dun say so early hor, u c already then say :)",,,
ham,So Can we reschedule our meeting to Friday? let me know 8204,,,
ham,"So I'm at the gym, call you after haha",,,
ham,"Btw, The kids are asking when you'll be back ok?",,,
ham,"Also, Don't forget to bring your charger 5584",,,
ham,"Btw, I'm running late, traffic is bad 4044",,,
spam,"Dear customer, Congratulations! You have been selected to receive a free iPhone. Claim now by texting CLAIM to 84484 Limited time only",,,
ham,"Well, Let's meet at the coffee shop at 9 let me know",,,
ham,"WELL, LOL THAT'S SO FUNNY, SEND ME THE VIDEO HAHA",,,
ham,"Ok, I'll be there in five minutes let me know 2868",,,
ham,"Ok, Nah I don't think I can make it tonight let me know 5106",,,
ham,"Well, I'll be there in five minutes see ya",,,
ham,"BTW, MOM SAID DINNER IS READY, COME HOME THANKS",,,
ham,"Also, Did you finish the report yet? let me know",,,
ham,"Also, Can we reschedule our meeting to Friday? thanks",,,
ham,"I left my keys at your place, can you check? thanks 2897",,,
ham,"Also, Did you finish the report yet? let me know",,,
spam,ALERT: CONGRATULATIONS! YOU HAVE BEEN SELECTED TO RECEIVE A FREE IPHONE. CLAIM NOW BY TEXTING CLAIM TO 84484,,,
ham,So Can you pick up milk on your way home? haha,,,
ham,So What time does the movie start? ok?,,,
ham,"SO GOOD MORNING, HOPE YOU SLEPT WELL HAHA",,,
ham,"Btw, How was your exam today? :)",,,
spam,"DEAR CUSTOMER, WIN A BRAND NEW CAR BY ENTERING OUR FREE DRAW. TEXT CAR TO 89545 BEFORE OFFER CLOSES TONIGHT",,,
ham,So Happy birthday! Hope you have a great day no rush,,,
ham,"Ok, Just landed, will call you soon haha 8555",,,
ham,"Btw, Did you finish the report yet? thanks",,,
ham,"Btw, I left my keys at your place, can you check? let me know",,,
ham,"Actually, I'm at the gym, call you after ok?",,,
spam,"Hi, You have won a guaranteed cash prize! Reply CASH to claim your reward of £2000 now before offer ends Reply STOP to opt out",,,
ham,"Ok, Can you send me the address again? see ya",,,
ham,So How was your exam today? see ya,,,
ham,"ACTUALLY, SORRY I MISSED YOUR CALL, WAS IN A MEETING :)",,,
ham,"Ok, Did you finish the report yet? let me know",,,
ham,"Actually, Good morning, hope you slept well :)",,,
ham,"Ok, Ok lar... I'll call you later thanks",,,
spam,"Hi, URGENT! You have won a 1 week FREE membership in our £100,000 prize Jackpot! Call 09061701444 now Offer ends soon",,,
ham,"OK, U DUN SAY SO EARLY HOR, U C ALREADY THEN SAY THANKS 3527",,,
ham,"Actually, What time does the movie start? :)",,,
ham,"Also, I'll be there in five minutes haha",,,
ham,"Lol that's so funny, send me the video 8109",,,
ham,SO HOW WAS YOUR EXAM TODAY? THANKS,,,
ham,"Actually, Cool, see you then let me know",,,
ham,"So Good morning, hope you slept well let me know",,,
spam,"Dear customer, Congratulations! You have been selected to receive a free iPhone. Claim now by texting CLAIM to 84484 Reply STOP to opt out",,,
ham,What are you doing this weekend? ok?,,,
spam,ALERT: FreeMsg: Txt CALL to 86888 and claim your reward of 3 hours talk time to use from your phone now Reply STOP to opt out 6047,,,
ham,"Btw, Happy birthday! Hope you have a great day see ya",,,
ham,"Good morning, hope you slept well 1794",,,
ham,"Ok, What are you doing this weekend? see ya 8586",,,
ham,"Well, The kids are asking when you'll be back ok?",,,
spam,"Dear customer, Your account has been credited with £500. Reply YES to claim your bonus now, offer ends today T&Cs apply",,,
spam,Text STOP to opt out or reply YES to claim your free entry into this week's £1000 prize draw,,,
spam,Free ringtone waiting for you to be collected. Simply text PASSWORD to 68866 now T&Cs apply,,,
ham,"Ok, Can we reschedule our meeting to Friday? let me know",,,
ham,"Hey, I'm at the gym, call you after no rush",,,
ham,"Actually, Lol that's so funny, send me the video ok? 4811",,,
ham,"Ok, What are you doing this weekend? ok?",,,
ham,So What time does the movie start?,,,
ham,"Actually, U dun say so early hor, u c already then say",,,
ham,"Btw, I'll pay you back on Friday, promise haha",,,
ham,"ACTUALLY, PLEASE REMEMBER TO FEED THE CAT HAHA",,,
ham,"Hey, How was your exam today?",,,
ham,"Btw, I'm on my way, be there in 10 mins",,,
ham,"Ok, I'm running late, traffic is bad haha",,,
ham,"So Good morning, hope you slept well 3639",,,
ham,"Also, Can we reschedule our meeting to Friday? haha",,,
ham,"ACTUALLY, MOM SAID DINNER IS READY, COME HOME NO RUSH 1609",,,
ham,So Can we reschedule our meeting to Friday?,,,
ham,"Hey, Hey, are you free tonight? Let's grab dinner see ya",,,
ham,"Actually, I'm on my way, be there in 10 mins haha",,,
ham,"Actually, Can we reschedule our meeting to Friday? 4950",,,
ham,"Hey, Can you pick up milk on your way home? ok?",,,
ham,SO WHAT ARE YOU DOING THIS WEEKEND? NO RUSH,,,
ham,"Hey, What time does the movie start? thanks",,,
ham,"WELL, WHAT ARE YOU DOING THIS WEEKEND?",,,
spam,"Hi, Your account has been credited with £500. Reply YES to claim your bonus now, offer ends today Reply STOP to opt out",,,
ham,"Ok, Did you finish the report yet? let me know",,,
ham,"Well, Let's meet at the coffee shop at 9 haha",,,
ham,"OK, U DUN SAY SO EARLY HOR, U C ALREADY THEN SAY NO RUSH 3441",,,
ham,"So Mom said dinner is ready, come home thanks 4522",,,
ham,"Ok, What time does the movie start? no rush 7248",,,
ham,"Actually, See you at the usual place tomorrow",,,
ham,"Ok, How was your exam today? :) 1046",,,
ham,"Hey, Thanks for helping me move last weekend :)",,,
ham,"Well, I'm at the gym, call you after :)",,,
ham,"HEY, SORRY I MISSED YOUR CALL, WAS IN A MEETING THANKS 7291",,,
ham,"Also, What time does the movie start? no rush",,,
ham,"WELL, MOM SAID DINNER IS READY, COME HOME SEE YA 8061",,,
ham,"Ok, Just landed, will call you soon haha",,,
ham,"I left my keys at your place, can you check? 3063",,,
ham,"Btw, Mom said dinner is ready, come home haha",,,
ham,What time does the movie start? see ya 8247,,,
ham,"I'M ON MY WAY, BE THERE IN 10 MINS OK?",,,
ham,"Actually, Sorry I missed your call, was in a meeting ok?",,,
ham,"Sorry I missed your call, was in a meeting haha 4340",,,
ham,"ACTUALLY, I'M AT THE GYM, CALL YOU AFTER :)",,,
ham,"Actually, Can we reschedule our meeting to Friday? thanks",,,
ham,"Well, Thanks for helping me move last weekend see ya 7652",,,
ham,"Well, Ok lar... I'll call you later no rush 6590",,,
ham,"BTW, U DUN SAY SO EARLY HOR, U C ALREADY THEN SAY NO RUSH",,,
spam,"Hi, URGENT! Your mobile number has won a prize of £5000! Call 09061743806 from a landline to claim Offer ends soon",,,
ham,"HEY, LET'S MEET AT THE COFFEE SHOP AT 9 NO RUSH",,,
ham,"JUST LANDED, WILL CALL YOU SOON",,,
ham,"I'll pay you back on Friday, promise haha",,,
spam,ALERT: Congratulations! You have been selected to receive a free iPhone. Claim now by texting CLAIM to 84484 T&Cs apply,,,
ham,"Actually, I'm on my way, be there in 10 mins haha 5703",,,
spam,"Hi, Reminder: your reward of £750 is waiting, claim now by texting CLAIM to 82277 before it expires 6536",,,
ham,"Actually, Ok lar... I'll call you later haha",,,
ham,"Also, Mom said dinner is ready, come home see ya 7442",,,
ham,"Hey, I left my keys at your place, can you check? :)",,,
ham,"Hey, What are you doing this weekend? no rush",,,
ham,What are you doing this weekend? haha 2103,,,
ham,So How was your exam today? thanks,,,
ham,"Hey, See you at the usual place tomorrow haha",,,
ham,"Well, Thanks for helping me move last weekend ok?",,,
ham,SO HAPPY BIRTHDAY! HOPE YOU HAVE A GREAT DAY OK?,,,
ham,The kids are asking when you'll be back haha,,,
ham,"Hey, I'll be there in five minutes no rush",,,
spam,NOTICE: Congratulations! You have been selected to receive a free iPhone. Claim now by texting CLAIM to 84484,,,
ham,"So I'll pay you back on Friday, promise thanks 2996",,,
ham,"Actually, Cool, see you then haha 6483",,,
spam,"ALERT: Bonus prize alert! You have won a £1500 cash reward, text WON to 87066 now to claim your reward Reply STOP to opt out",,,
ham,"ALSO, SORRY I MISSED YOUR CALL, WAS IN A MEETING OK?",,,
ham,So I'll be there in five minutes see ya,,,
spam,"Hi, WINNER!! As a valued customer you have been selected to receive a £900 prize reward! Call now T&Cs apply",,,
ham,"Actually, Ok lar... I'll call you later",,,
ham,"Well, Just landed, will call you soon :)",,,
ham,"Mom said dinner is ready, come home thanks",,,
ham,"Btw, I'm on my way, be there in 10 mins haha 5408",,,
ham,Nah I don't think I can make it tonight ok?,,,
ham,So What are you doing this weekend? :),,,
ham,"Also, Mom said dinner is ready, come home see ya",,,
ham,"Also, Thanks for helping me move last weekend let me know",,,
ham,"Actually, I'm on my way, be there in 10 mins no rush 7649",,,
ham,"Ok, Sorry I missed your call, was in a meeting",,,
ham,"Ok, I'm on my way, be there in 10 mins haha",,,
ham,SO THANKS FOR HELPING ME MOVE LAST WEEKEND LET ME KNOW 1410,,,
ham,"Ok, How was your exam today? ok? 6780",,,
ham,"So I'm running late, traffic is bad haha",,,
ham,"Btw, Can you send me the address again? let me know 9190",,,
ham,"OK, HAPPY BIRTHDAY! HOPE YOU HAVE A GREAT DAY LET ME KNOW",,,
ham,"Actually, See you at the usual place tomorrow see ya",,,
ham,"Btw, Cool, see you then see ya 5843",,,
ham,"ALSO, I'M RUNNING LATE, TRAFFIC IS BAD",,,
ham,"HEY, THANKS FOR HELPING ME MOVE LAST WEEKEND NO RUSH",,,
ham,"ALSO, CAN YOU PICK UP MILK ON YOUR WAY HOME? THANKS",,,
spam,"Hi, FreeMsg: Hey there darling, txt back to claim your free gift, hurry offer closes soon",,,
ham,"Also, Sorry I missed your call, was in a meeting see ya 2876",,,
ham,"WELL, MOM SAID DINNER IS READY, COME HOME 2650",,,
ham,"Btw, Happy birthday! Hope you have a great day :) 4505",,,
ham,"Well, Please remember to feed the cat let me know 5920",,,
ham,Nah I don't think I can make it tonight :) 3496,,,
ham,SEE YOU AT THE USUAL PLACE TOMORROW SEE YA,,,
ham,"BTW, THANKS FOR HELPING ME MOVE LAST WEEKEND LET ME KNOW",,,
ham,"Actually, What are you doing this weekend? haha 9561",,,
ham,"Ok, Can you send me the address again?",,,
ham,"Also, U dun say so early hor, u c already then say ok? 1958",,,
ham,"Ok, I'm on my way, be there in 10 mins see ya 3167",,,
ham,Happy birthday! Hope you have a great day see ya,,,
spam,"URGENT! YOU HAVE WON A 1 WEEK FREE MEMBERSHIP IN OUR £100,000 PRIZE JACKPOT! CALL 09061701444 NOW T&CS APPLY 9511",,,
spam,NOTICE: You have won a guaranteed cash prize! Reply CASH to claim your reward of £2000 now before offer ends,,,
ham,"Btw, Nah I don't think I can make it tonight see ya 9149",,,
ham,"SO HEY, ARE YOU FREE TONIGHT? LET'S GRAB DINNER HAHA",,,
ham,"So Sorry I missed your call, was in a meeting no rush 7385",,,
ham,"Well, Nah I don't think I can make it tonight :)",,,
ham,"Actually, Happy birthday! Hope you have a great day ok?",,,
ham,"Ok, Hey, are you free tonight? Let's grab dinner ok? 7684",,,
ham,"Hey, Ok lar... I'll call you later see ya",,,
ham,"Ok, Hey, are you free tonight? Let's grab dinner ok?",,,
ham,Let's meet at the coffee shop at 9 see ya 6603,,,
ham,"Well, I'll pay you back on Friday, promise :)",,,
ham,"Actually, What time does the movie start? ok?",,,
ham,"Hey, Hey, are you free tonight? Let's grab dinner 1927",,,
ham,"Hey, I'll be there in five minutes ok?",,,
ham,"Also, Good morning, hope you slept well thanks",,,
ham,"ACTUALLY, PLEASE REMEMBER TO FEED THE CAT OK? 6039",,,
spam,ALERT: Text STOP to opt out or reply YES to claim your free entry into this week's £1000 prize draw Offer ends soon 6118,,,
ham,"Btw, Did you finish the report yet? haha 8989",,,
ham,"ALSO, WHAT ARE YOU DOING THIS WEEKEND? OK?",,,
spam,"Hi, Bonus prize alert! You have won a £1500 cash reward, text WON to 87066 now to claim your reward Reply STOP to opt out",,,
ham,"Also, U dun say so early hor, u c already then say :)",,,
ham,So How was your exam today? see ya,,,
ham,"Well, Don't forget to bring your charger",,,
ham,"Hey, Can you pick up milk on your way home? haha",,,
ham,"Ok, I'm on my way, be there in 10 mins thanks 3522",,,
ham,"Ok, I'm on my way, be there in 10 mins ok?",,,
ham,"Well, The kids are asking when you'll be back thanks",,,
ham,"Actually, Happy birthday! Hope you have a great day haha",,,
ham,"Actually, Good morning, hope you slept well haha 8622",,,
spam,NOTICE: FREE entry into our weekly draw! Text WIN to 80086 now to claim your prize before it expires Offer ends soon,,,
ham,"Hey, I'm running late, traffic is bad thanks",,,
spam,"ALERT: SIX chances to win CASH! From 100 to 20,000 pounds. Text CSH11 and send to 87575",,,
ham,"Btw, Don't forget to bring your charger see ya",,,
ham,"Actually, See you at the usual place tomorrow let me know",,,
ham,So Can you send me the address again? see ya 6432,,,
ham,"Well, Can you send me the address again? haha 2565",,,
ham,"Actually, Nah I don't think I can make it tonight :)",,,
ham,"Actually, Can we reschedule our meeting to Friday? thanks",,,
ham,"Also, Lol that's so funny, send me the video :)",,,
ham,"BTW, I'M RUNNING LATE, TRAFFIC IS BAD NO RUSH",,,
ham,"Btw, Don't forget to bring your charger let me know 5585",,,
ham,"Well, The kids are asking when you'll be back ok?",,,
ham,"Btw, Please remember to feed the cat no rush 1595",,,
ham,"BTW, HAPPY BIRTHDAY! HOPE YOU HAVE A GREAT DAY OK?",,,
ham,So Let's meet at the coffee shop at 9 :),,,
ham,"Hey, Let's meet at the coffee shop at 9 see ya",,,
ham,"Actually, Good morning, hope you slept well haha",,,
ham,"WELL, I'M ON MY WAY, BE THERE IN 10 MINS HAHA 2110",,,
ham,"Well, I'll be there in five minutes see ya",,,
ham,"Actually, Thanks for helping me move last weekend 4954",,,
ham,"Hey, I'm on my way, be there in 10 mins haha 9443",,,
spam,NOTICE: Congratulations! You have been selected to receive a free iPhone. Claim now by texting CLAIM to 84484 Offer ends soon 6681,,,
ham,"Ok, Just landed, will call you soon let me know",,,
ham,"So I left my keys at your place, can you check?",,,
ham,"So I'm running late, traffic is bad ok?",,,
ham,"Actually, Cool, see you then thanks",,,
spam,"Your account has been credited with £500. Reply YES to claim your bonus now, offer ends today Limited time only",,,
ham,"Btw, Did you finish the report yet? see ya",,,
ham,"Also, Did you finish the report yet? see ya",,,
ham,"Well, Can we reschedule our meeting to Friday? see ya",,,
ham,"Actually, I left my keys at your place, can you check? ok?",,,
ham,"Hey, I'm on my way, be there in 10 mins haha",,,
ham,"Well, Please remember to feed the cat ok? 9534",,,
ham,"Ok, I left my keys at your place, can you check? haha",,,
ham,"Also, What time does the movie start? ok? 3847",,,
ham,Don't forget to bring your charger,,,
ham,"Ok, Nah I don't think I can make it tonight let me know",,,
ham,"ALSO, I LEFT MY KEYS AT YOUR PLACE, CAN YOU CHECK? SEE YA",,,
ham,"Hey, Cool, see you then haha 4882",,,
ham,So What are you doing this weekend? see ya 2625,,,
spam,"Dear customer, Congratulations! You have been selected to receive a free iPhone. Claim now by texting CLAIM to 84484 T&Cs apply 3155",,,
ham,"Btw, Can we reschedule our meeting to Friday? see ya",,,
ham,"OK, SEE YOU AT THE USUAL PLACE TOMORROW",,,
ham,"Actually, I'm at the gym, call you after haha",,,
ham,"Well, See you at the usual place tomorrow let me know",,,
ham,Can you pick up milk on your way home? ok?,,,
ham,"Hey, are you free tonight? Let's grab dinner let me know",,,
ham,"Mom said dinner is ready, come home thanks 8479",,,
ham,"Ok, U dun say so early hor, u c already then say thanks 2274",,,
ham,"Also, Cool, see you then haha",,,
ham,So Did you finish the report yet? haha,,,
spam,NOTICE: Text STOP to opt out or reply YES to claim your free entry into this week's £1000 prize draw Offer ends soon 3270,,,
spam,"Hi, Congratulations! You've been selected to receive a FREE £1000 cash reward. Text CLAIM to 88888 now",,,
ham,"Well, Just landed, will call you soon ok?",,,
ham,"I'LL PAY YOU BACK ON FRIDAY, PROMISE :) 4558",,,
ham,Can you pick up milk on your way home? thanks,,,
ham,"Ok, Happy birthday! Hope you have a great day",,,
ham,"Btw, Can we reschedule our meeting to Friday?",,,
ham,"I'm on my way, be there in 10 mins no rush",,,
ham,"Cool, see you then thanks",,,
ham,"ACTUALLY, U DUN SAY SO EARLY HOR, U C ALREADY THEN SAY SEE YA",,,
ham,"Hey, Just landed, will call you soon haha",,,
spam,FREE entry into our weekly draw! Text WIN to 80086 now to claim your prize before it expires Offer ends soon,,,
ham,"Btw, Just landed, will call you soon thanks",,,
ham,"Well, Sorry I missed your call, was in a meeting thanks 3018",,,
ham,"Actually, How was your exam today? no rush",,,
ham,"Btw, Thanks for helping me move last weekend ok?",,,
ham,"Ok, See you at the usual place tomorrow",,,
spam,"Your account has been credited with £500. Reply YES to claim your bonus now, offer ends today Reply STOP to opt out 7147",,,
ham,SO DON'T FORGET TO BRING YOUR CHARGER NO RUSH,,,
ham,"BTW, I'M RUNNING LATE, TRAFFIC IS BAD",,,
ham,"Btw, Good morning, hope you slept well no rush",,,
ham,Don't forget to bring your charger haha,,,
ham,"Hey, I'm on my way, be there in 10 mins thanks",,,
ham,Please remember to feed the cat let me know 2684,,,
ham,"So I'm running late, traffic is bad haha",,,
ham,"Ok, Cool, see you then",,,
ham,"So Cool, see you then :)",,,
ham,"Hey, I left my keys at your place, can you check? no rush 6664",,,
ham,"Also, U dun say so early hor, u c already then say :)",,,
ham,"BTW, I'M AT THE GYM, CALL YOU AFTER NO RUSH",,,
ham,"So I'll pay you back on Friday, promise no rush",,,
ham,SO WHAT ARE YOU DOING THIS WEEKEND? LET ME KNOW,,,
ham,SO I'LL BE THERE IN FIVE MINUTES OK? 4629,,,
ham,"Btw, Lol that's so funny, send me the video :)",,,
ham,"Well, I'm at the gym, call you after 3001",,,
ham,"Btw, U dun say so early hor, u c already then say :) 7044",,,
ham,Can you send me the address again? ok?,,,
ham,"ACTUALLY, HOW WAS YOUR EXAM TODAY? OK? 5764",,,
ham,"Btw, Thanks for helping me move last weekend no rush",,,
ham,"Hey, Good morning, hope you slept well see ya 2056",,,
ham,"Ok, Can you send me the address again? let me know",,,
ham,Thanks for helping me move last weekend :),,,
ham,"OK, JUST LANDED, WILL CALL YOU SOON SEE YA",,,
ham,"Also, Don't forget to bring your charger haha",,,
ham,"Well, I'm at the gym, call you after 1744",,,
spam,"Bonus prize alert! You have won a £1500 cash reward, text WON to 87066 now to claim your reward 2426",,,
ham,"Actually, I'm running late, traffic is bad no rush",,,
spam,WINNER!! As a valued customer you have been selected to receive a £900 prize reward! Call now Reply STOP to opt out 9621,,,
ham,"OK, HOW WAS YOUR EXAM TODAY? OK?",,,
ham,"Well, U dun say so early hor, u c already then say",,,
ham,"Also, Did you finish the report yet? haha",,,
spam,You have been randomly selected to win a shopping voucher. Text SHOP to 85023 now for free entry T&Cs apply,,,
ham,"Actually, Did you finish the report yet? no rush",,,
ham,"Also, Lol that's so funny, send me the video ok?",,,
ham,So Please remember to feed the cat let me know,,,
ham,"ACTUALLY, LET'S MEET AT THE COFFEE SHOP AT 9 THANKS 7114",,,
ham,"Also, Please remember to feed the cat thanks",,,
ham,"Well, Can you pick up milk on your way home? see ya",,,
ham,"Well, Can you send me the address again? :)",,,
ham,"Hey, Hey, are you free tonight? Let's grab dinner haha",,,
ham,"Well, I'm at the gym, call you after",,,
spam,"NOTICE: Last chance! Claim your free prize now by calling 09050002311, offer closes at midnight tonight Reply STOP to opt out",,,
ham,"Also, Happy birthday! Hope you have a great day ok?",,,
ham,"Actually, I'm at the gym, call you after ok? 5889",,,
ham,So Can we reschedule our meeting to Friday? ok? 3662,,,
ham,"I'LL PAY YOU BACK ON FRIDAY, PROMISE :) 4558",,,
ham,"SO COOL, SEE YOU THEN SEE YA",,,
ham,"Also, Cool, see you then",,,
ham,"Actually, The kids are asking when you'll be back thanks",,,
spam,"Dear customer, Win a brand new car by entering our free draw. Text CAR to 89545 before offer closes tonight 2875",,,
ham,"Actually, What are you doing this weekend? haha 5890",,,
ham,"Hey, How was your exam today? let me know",,,
ham,"Well, Lol that's so funny, send me the video haha",,,
ham,"BTW, CAN WE RESCHEDULE OUR MEETING TO FRIDAY? SEE YA",,,
ham,"So I'm on my way, be there in 10 mins no rush",,,
ham,"So Good morning, hope you slept well let me know",,,
ham,"Well, Please remember to feed the cat see ya",,,
ham,"Actually, Don't forget to bring your charger see ya 7437",,,
ham,"Actually, The kids are asking when you'll be back :) 1757",,,
spam,"Hi, Text STOP to opt out or reply YES to claim your free entry into this week's £1000 prize draw Limited time only",,,
ham,"Hey, What are you doing this weekend? let me know",,,
ham,"Well, Did you finish the report yet? thanks",,,
ham,So I'll be there in five minutes see ya,,,
ham,"Also, Don't forget to bring your charger :) 1568",,,
ham,"Well, I'm at the gym, call you after haha",,,
spam,ALERT: FREE MSG: You are eligible for a discount on your next mobile bill. Call 08000930705 now to claim,,,
ham,"Well, I'm on my way, be there in 10 mins no rush",,,
ham,"Ok, Can you send me the address again? no rush",,,
spam,ALERT: FREE RINGTONE WAITING FOR YOU TO BE COLLECTED. SIMPLY TEXT PASSWORD TO 68866 NOW REPLY STOP TO OPT OUT 5372,,,
ham,Did you finish the report yet? haha,,,
ham,"Hey, Hey, are you free tonight? Let's grab dinner see ya",,,
ham,"MOM SAID DINNER IS READY, COME HOME HAHA 4610",,,
ham,"Good morning, hope you slept well haha",,,
ham,NAH I DON'T THINK I CAN MAKE IT TONIGHT,,,
ham,"BTW, U DUN SAY SO EARLY HOR, U C ALREADY THEN SAY NO RUSH",,,
ham,So What time does the movie start? ok?,,,
ham,"Actually, I'll pay you back on Friday, promise thanks",,,
ham,"Btw, Happy birthday! Hope you have a great day :)",,,
ham,"Also, Happy birthday! Hope you have a great day thanks",,,
ham,"Hey, Hey, are you free tonight? Let's grab dinner :)",,,
ham,"Well, I'm at the gym, call you after no rush",,,
ham,"Actually, I'll be there in five minutes let me know",,,
ham,"Btw, Did you finish the report yet? thanks",,,
ham,"HEY, LOL THAT'S SO FUNNY, SEND ME THE VIDEO OK?",,,
ham,"Well, Good morning, hope you slept well let me know 8245",,,
ham,"Ok, Ok lar... I'll call you later no rush",,,
ham,"Ok, What time does the movie start? :)",,,
ham,"Well, What time does the movie start? no rush",,,
ham,"ACTUALLY, I'M AT THE GYM, CALL YOU AFTER OK?",,,
ham,"Also, Did you finish the report yet? haha 8141",,,
ham,So Can we reschedule our meeting to Friday? let me know 2380,,,
ham,"Btw, I left my keys at your place, can you check? let me know",,,
ham,"HEY, WHAT TIME DOES THE MOVIE START? :)",,,
ham,"Btw, I'm at the gym, call you after haha 7738",,,
ham,HOW WAS YOUR EXAM TODAY? NO RUSH 4530,,,
ham,"HEY, DID YOU FINISH THE REPORT YET? OK?",,,
ham,"Hey, See you at the usual place tomorrow see ya 4387",,,
ham,"Hey, Thanks for helping me move last weekend see ya",,,
ham,"Also, Can you pick up milk on your way home?",,,
ham,"Actually, Good morning, hope you slept well haha",,,
ham,"Good morning, hope you slept well thanks",,,
ham,"Btw, See you at the usual place tomorrow :)",,,
ham,CAN YOU PICK UP MILK ON YOUR WAY HOME? OK?,,,
ham,"Actually, See you at the usual place tomorrow ok?",,,
ham,"ACTUALLY, HOW WAS YOUR EXAM TODAY? THANKS",,,
spam,"DEAR CUSTOMER, CONGRATULATIONS! YOU HAVE BEEN SELECTED TO RECEIVE A FREE IPHONE. CLAIM NOW BY TEXTING CLAIM TO 84484 OFFER ENDS SOON 9814",,,
ham,"Well, Happy birthday! Hope you have a great day thanks",,,
ham,"Ok, What are you doing this weekend?",,,
spam,NOTICE: FREE entry into our weekly draw! Text WIN to 80086 now to claim your prize before it expires Reply STOP to opt out,,,
ham,"Btw, How was your exam today? thanks",,,
spam,"Hi, URGENT! You have won a 1 week FREE membership in our £100,000 prize Jackpot! Call 09061701444 now T&Cs apply",,,
ham,"ACTUALLY, I LEFT MY KEYS AT YOUR PLACE, CAN YOU CHECK? HAHA",,,
ham,So I'll be there in five minutes see ya,,,
ham,"Actually, U dun say so early hor, u c already then say let me know 3689",,,
ham,"ACTUALLY, SORRY I MISSED YOUR CALL, WAS IN A MEETING :)",,,
ham,"Also, Happy birthday! Hope you have a great day thanks",,,
spam,"Dear customer, FREE MSG: You are eligible for a discount on your next mobile bill. Call 08000930705 now to claim Limited time only 8076",,,
ham,"Also, Can we reschedule our meeting to Friday?",,,
ham,"Actually, Mom said dinner is ready, come home :)",,,
ham,"Ok, I left my keys at your place, can you check? see ya",,,
ham,"Also, Cool, see you then see ya",,,
ham,"Btw, Just landed, will call you soon haha",,,
spam,Congratulations! You have been selected to receive a free iPhone. Claim now by texting CLAIM to 84484 Limited time only,,,
ham,"Well, Don't forget to bring your charger see ya",,,
ham,"Hey, I'll pay you back on Friday, promise thanks 2535",,,
ham,"Hey, Cool, see you then :)",,,
ham,"Btw, Good morning, hope you slept well ok?",,,
spam,"NOTICE: Your account has been credited with £500. Reply YES to claim your bonus now, offer ends today Limited time only",,,
spam,"Dear customer, SIX chances to win CASH! From 100 to 20,000 pounds. Text CSH11 and send to 87575 Offer ends soon",,,
ham,"Well, See you at the usual place tomorrow thanks",,,
ham,"Btw, Lol that's so funny, send me the video let me know",,,
ham,"Hey, Nah I don't think I can make it tonight haha",,,
ham,"Btw, Good morning, hope you slept well let me know 4292",,,
ham,"OK, GOOD MORNING, HOPE YOU SLEPT WELL",,,
ham,Nah I don't think I can make it tonight :),,,
ham,So Can you send me the address again? ok?,,,
ham,"Ok, The kids are asking when you'll be back ok? 3608",,,
ham,DON'T FORGET TO BRING YOUR CHARGER THANKS,,,
ham,Can you send me the address again? no rush,,,
spam,ALERT: FreeMsg: Txt CALL to 86888 and claim your reward of 3 hours talk time to use from your phone now Reply STOP to opt out 6047,,,
ham,"U dun say so early hor, u c already then say ok?",,,
ham,"Actually, I'll be there in five minutes no rush",,,
spam,NOTICE: CONGRATULATIONS! YOU HAVE BEEN SELECTED TO RECEIVE A FREE IPHONE. CLAIM NOW BY TEXTING CLAIM TO 84484,,,
ham,"Ok, Hey, are you free tonight? Let's grab dinner :) 1359",,,
ham,"Well, Just landed, will call you soon :) 4678",,,
ham,NAH I DON'T THINK I CAN MAKE IT TONIGHT SEE YA,,,
ham,"Hey, Let's meet at the coffee shop at 9 :)",,,
ham,"Well, Sorry I missed your call, was in a meeting",,,
spam,"NOTICE: BONUS PRIZE ALERT! YOU HAVE WON A £1500 CASH REWARD, TEXT WON TO 87066 NOW TO CLAIM YOUR REWARD T&CS APPLY",,,
ham,"Ok, Lol that's so funny, send me the video haha",,,
ham,"HEY, WHAT ARE YOU DOING THIS WEEKEND? SEE YA 8361",,,
ham,"WELL, MOM SAID DINNER IS READY, COME HOME THANKS",,,
ham,Did you finish the report yet? haha,,,
ham,"BTW, GOOD MORNING, HOPE YOU SLEPT WELL :)",,,
spam,"NOTICE: FREEMSG: HEY THERE DARLING, TXT BACK TO CLAIM YOUR FREE GIFT, HURRY OFFER CLOSES SOON T&CS APPLY",,,
ham,"Well, Just landed, will call you soon haha 2121",,,
ham,So The kids are asking when you'll be back :),,,
spam,"Your account has been credited with £500. Reply YES to claim your bonus now, offer ends today",,,
ham,So Can we reschedule our meeting to Friday? ok?,,,
ham,"Hey, Don't forget to bring your charger thanks",,,
ham,"Hey, U dun say so early hor, u c already then say let me know 9123",,,
spam,"ALERT: URGENT! You have won a 1 week FREE membership in our £100,000 prize Jackpot! Call 09061701444 now",,,
ham,"Hey, I'll be there in five minutes ok?",,,
ham,"So Hey, are you free tonight? Let's grab dinner let me know",,,
ham,"Hey, I'll pay you back on Friday, promise thanks",,,
ham,"Well, Thanks for helping me move last weekend let me know",,,
ham,"Also, Lol that's so funny, send me the video see ya",,,
spam,"Hi, URGENT! You have won a 1 week FREE membership in our £100,000 prize Jackpot! Call 09061701444 now Reply STOP to opt out",,,
ham,"WELL, LOL THAT'S SO FUNNY, SEND ME THE VIDEO :)",,,
ham,"Well, What are you doing this weekend? haha",,,
ham,"Well, Can you send me the address again? :)",,,
ham,"ALSO, I'M ON MY WAY, BE THERE IN 10 MINS LET ME KNOW",,,
ham,"Also, I left my keys at your place, can you check? no rush",,,
spam,"Hi, Reminder: your reward of £750 is waiting, claim now by texting CLAIM to 82277 before it expires T&Cs apply",,,
ham,"Also, Cool, see you then let me know",,,
ham,"Also, What time does the movie start? ok?",,,
spam,"NOTICE: URGENT! YOU HAVE WON A 1 WEEK FREE MEMBERSHIP IN OUR £100,000 PRIZE JACKPOT! CALL 09061701444 NOW LIMITED TIME ONLY 5945",,,
ham,"Also, The kids are asking when you'll be back",,,
spam,NOTICE: Congratulations! You have been selected to receive a free iPhone. Claim now by texting CLAIM to 84484 4893,,,
ham,"Hey, Good morning, hope you slept well 3286",,,
ham,HAPPY BIRTHDAY! HOPE YOU HAVE A GREAT DAY OK?,,,
ham,"Well, Sorry I missed your call, was in a meeting no rush 4385",,,
ham,"Well, U dun say so early hor, u c already then say ok?",,,
ham,"Ok, What are you doing this weekend? thanks",,,
spam,"ALERT: FreeMsg: Hey there darling, txt back to claim your free gift, hurry offer closes soon Limited time only 2914",,,
ham,"COOL, SEE YOU THEN :) 6904",,,
ham,"Hey, The kids are asking when you'll be back no rush",,,
ham,"Mom said dinner is ready, come home let me know",,,
ham,So Happy birthday! Hope you have a great day :),,,
ham,"Ok, I left my keys at your place, can you check? let me know",,,
ham,CAN WE RESCHEDULE OUR MEETING TO FRIDAY? NO RUSH,,,
ham,"So Hey, are you free tonight? Let's grab dinner :)",,,
ham,Please remember to feed the cat no rush,,,
ham,"Btw, Ok lar... I'll call you later :)",,,
ham,"Also, I'll pay you back on Friday, promise let me know",,,
ham,"Ok, Lol that's so funny, send me the video :)",,,
ham,"Hey, I'm at the gym, call you after thanks 9835",,,
ham,"Hey, Mom said dinner is ready, come home let me know 3827",,,
ham,"Ok, Did you finish the report yet? :)",,,
ham,"Ok, The kids are asking when you'll be back haha",,,
ham,So Did you finish the report yet? let me know,,,
ham,"Btw, I'm running late, traffic is bad ok?",,,
ham,"Ok, I'll pay you back on Friday, promise haha",,,
spam,ALERT: FREE MSG: You are eligible for a discount on your next mobile bill. Call 08000930705 now to claim Offer ends soon,,,
ham,"Hey, I'm on my way, be there in 10 mins no rush",,,
ham,"WELL, CAN YOU SEND ME THE ADDRESS AGAIN? 5127",,,
ham,"Btw, I left my keys at your place, can you check? no rush 2928",,,
ham,"Hey, Thanks for helping me move last weekend haha",,,
ham,"ALSO, I'M ON MY WAY, BE THERE IN 10 MINS LET ME KNOW",,,
ham,"WELL, I'M ON MY WAY, BE THERE IN 10 MINS SEE YA",,,
ham,What are you doing this weekend? haha 2103,,,
spam,"Hi, FREE entry into our weekly draw! Text WIN to 80086 now to claim your prize before it expires T&Cs apply",,,
ham,"Lol that's so funny, send me the video no rush 8113",,,
ham,SO WHAT TIME DOES THE MOVIE START? THANKS,,,
spam,"NOTICE: Bonus prize alert! You have won a £1500 cash reward, text WON to 87066 now to claim your reward Reply STOP to opt out",,,
ham,"Well, Mom said dinner is ready, come home no rush",,,
ham,So See you at the usual place tomorrow ok? 6908,,,
spam,"Hi, Text STOP to opt out or reply YES to claim your free entry into this week's £1000 prize draw",,,
ham,"Btw, See you at the usual place tomorrow let me know",,,
spam,ALERT: WINNER!! As a valued customer you have been selected to receive a £900 prize reward! Call now Limited time only,,,
spam,"Hi, You have been randomly selected to win a shopping voucher. Text SHOP to 85023 now for free entry Reply STOP to opt out",,,
ham,Happy birthday! Hope you have a great day see ya 8702,,,
ham,"HEY, NAH I DON'T THINK I CAN MAKE IT TONIGHT NO RUSH",,,
ham,"Btw, I'm on my way, be there in 10 mins ok?",,,
spam,FREEMSG: TXT CALL TO 86888 AND CLAIM YOUR REWARD OF 3 HOURS TALK TIME TO USE FROM YOUR PHONE NOW REPLY STOP TO OPT OUT 1521,,,
ham,"Ok, Let's meet at the coffee shop at 9 no rush",,,
ham,"Btw, Did you finish the report yet? haha 5272",,,
ham,"Hey, I'm on my way, be there in 10 mins see ya 1618",,,
ham,"ALSO, I'M RUNNING LATE, TRAFFIC IS BAD",,,
ham,"Well, What are you doing this weekend? let me know",,,
ham,"Hey, I'm running late, traffic is bad let me know 8366",,,
spam,"Hi, Free ringtone waiting for you to be collected. Simply text PASSWORD to 68866 now Limited time only",,,
ham,So Thanks for helping me move last weekend :) 5744,,,
spam,"Get a free holiday voucher worth £2000, text HOLIDAY to 80488 to claim before this offer expires Reply STOP to opt out",,,
ham,"Actually, Nah I don't think I can make it tonight let me know 3347",,,
spam,"Hi, Text STOP to opt out or reply YES to claim your free entry into this week's £1000 prize draw Offer ends soon",,,
ham,"Actually, Just landed, will call you soon haha",,,
spam,"ALERT: URGENT! You have won a 1 week FREE membership in our £100,000 prize Jackpot! Call 09061701444 now Limited time only",,,
ham,"Well, I'm running late, traffic is bad no rush",,,
ham,"Hey, Can you send me the address again? let me know 5937",,,
ham,"So Sorry I missed your call, was in a meeting thanks",,,
ham,Please remember to feed the cat let me know 6947,,,
ham,So Did you finish the report yet? no rush,,,
ham,"ALSO, CAN WE RESCHEDULE OUR MEETING TO FRIDAY? HAHA 6539",,,
ham,"Actually, I'll pay you back on Friday, promise let me know",,,
ham,"Btw, Can we reschedule our meeting to Friday?",,,
ham,"WELL, SEE YOU AT THE USUAL PLACE TOMORROW SEE YA 7203",,,
ham,"SO I LEFT MY KEYS AT YOUR PLACE, CAN YOU CHECK? LET ME KNOW",,,
ham,"Hey, I'll pay you back on Friday, promise no rush 6060",,,
ham,"Hey, Mom said dinner is ready, come home haha 9148",,,
ham,"Well, Good morning, hope you slept well :)",,,
ham,"Actually, Did you finish the report yet? thanks",,,
spam,"Bonus prize alert! You have won a £1500 cash reward, text WON to 87066 now to claim your reward Offer ends soon",,,
ham,"Ok, Just landed, will call you soon see ya",,,
spam,"Dear customer, Your account has been credited with £500. Reply YES to claim your bonus now, offer ends today T&Cs apply",,,
ham,"Ok, Good morning, hope you slept well :)",,,
ham,"Actually, Good morning, hope you slept well see ya",,,
spam,NOTICE: Free ringtone waiting for you to be collected. Simply text PASSWORD to 68866 now Limited time only 4425,,,
ham,"Actually, Good morning, hope you slept well see ya",,,
ham,"Hey, Ok lar... I'll call you later ok? 4694",,,
ham,What time does the movie start? no rush,,,
ham,"Ok, I'm running late, traffic is bad let me know",,,
spam,WINNER!! As a valued customer you have been selected to receive a £900 prize reward! Call now Limited time only 3126,,,
ham,So Ok lar... I'll call you later 1550,,,
ham,"Hey, I'm running late, traffic is bad thanks 7387",,,
spam,"ALERT: URGENT! You have won a 1 week FREE membership in our £100,000 prize Jackpot! Call 09061701444 now T&Cs apply",,,
ham,"WELL, JUST LANDED, WILL CALL YOU SOON NO RUSH",,,
spam,"Hi, You have won a guaranteed cash prize! Reply CASH to claim your reward of £2000 now before offer ends Reply STOP to opt out",,,
ham,"Also, I'm on my way, be there in 10 mins haha 3734",,,
ham,"I left my keys at your place, can you check? :)",,,
ham,"Btw, Did you finish the report yet? haha 8989",,,
ham,"Ok, I'm running late, traffic is bad ok?",,,
ham,"I'll pay you back on Friday, promise haha",,,
ham,"Hey, Can we reschedule our meeting to Friday? let me know",,,
ham,"Hey, Thanks for helping me move last weekend thanks 5616",,,
ham,"Btw, See you at the usual place tomorrow haha",,,
spam,"Hi, Last chance! Claim your free prize now by calling 09050002311, offer closes at midnight tonight Offer ends soon 4812",,,
ham,"BTW, U DUN SAY SO EARLY HOR, U C ALREADY THEN SAY OK?",,,
ham,"Btw, Can we reschedule our meeting to Friday? haha",,,
spam,URGENT! Your mobile number has won a prize of £5000! Call 09061743806 from a landline to claim Limited time only 9153,,,
ham,"Hey, I left my keys at your place, can you check? see ya",,,
ham,"WELL, HEY, ARE YOU FREE TONIGHT? LET'S GRAB DINNER :) 5076",,,
ham,"Well, U dun say so early hor, u c already then say let me know 9341",,,
ham,"Also, I'm at the gym, call you after let me know",,,
spam,"Get a free holiday voucher worth £2000, text HOLIDAY to 80488 to claim before this offer expires Reply STOP to opt out",,,
ham,"Btw, Don't forget to bring your charger :) 5096",,,
ham,"Actually, The kids are asking when you'll be back",,,
ham,"Hey, Please remember to feed the cat no rush",,,
ham,"Well, Please remember to feed the cat no rush",,,
ham,"Also, See you at the usual place tomorrow thanks",,,
ham,See you at the usual place tomorrow haha,,,
ham,"Also, What are you doing this weekend? let me know",,,
ham,"Actually, Hey, are you free tonight? Let's grab dinner :)",,,
ham,"Actually, Can we reschedule our meeting to Friday? thanks 8179",,,
spam,ALERT: URGENT! Your mobile number has won a prize of £5000! Call 09061743806 from a landline to claim Limited time only,,,
ham,So The kids are asking when you'll be back ok?,,,
ham,"Btw, U dun say so early hor, u c already then say let me know",,,
ham,"Ok, U dun say so early hor, u c already then say thanks",,,
ham,"ALSO, WHAT TIME DOES THE MOVIE START? :) 5781",,,
ham,So Nah I don't think I can make it tonight let me know,,,
spam,"HI, YOU HAVE BEEN RANDOMLY SELECTED TO WIN A SHOPPING VOUCHER. TEXT SHOP TO 85023 NOW FOR FREE ENTRY",,,
ham,"Btw, Please remember to feed the cat thanks",,,
ham,"Well, See you at the usual place tomorrow let me know",,,
ham,"Hey, The kids are asking when you'll be back ok? 8573",,,
ham,"Also, Don't forget to bring your charger",,,
ham,"Also, Let's meet at the coffee shop at 9 ok? 5767",,,
ham,"Hey, Sorry I missed your call, was in a meeting let me know",,,
ham,"Actually, Just landed, will call you soon :)",,,
spam,"ALERT: URGENT! You have won a 1 week FREE membership in our £100,000 prize Jackpot! Call 09061701444 now",,,
ham,"Ok, I'm on my way, be there in 10 mins let me know 5896",,,
ham,"Also, Thanks for helping me move last weekend see ya",,,
ham,"Ok, See you at the usual place tomorrow haha",,,
ham,"Ok, Can you pick up milk on your way home? ok?",,,
ham,So Happy birthday! Hope you have a great day ok?,,,
spam,NOTICE: Free ringtone waiting for you to be collected. Simply text PASSWORD to 68866 now Offer ends soon,,,
ham,"So I'll pay you back on Friday, promise haha 8800",,,
spam,"ALERT: SIX chances to win CASH! From 100 to 20,000 pounds. Text CSH11 and send to 87575 T&Cs apply",,,
ham,"HEY, I'LL PAY YOU BACK ON FRIDAY, PROMISE NO RUSH",,,
ham,"Btw, Hey, are you free tonight? Let's grab dinner see ya",,,
ham,NAH I DON'T THINK I CAN MAKE IT TONIGHT,,,
ham,"Btw, How was your exam today? haha",,,
ham,"Well, Let's meet at the coffee shop at 9 no rush",,,
ham,"Also, Good morning, hope you slept well ok?",,,
spam,"ALERT: Reminder: your reward of £750 is waiting, claim now by texting CLAIM to 82277 before it expires Limited time only",,,
ham,"Hey, How was your exam today? 6175",,,
ham,"WELL, U DUN SAY SO EARLY HOR, U C ALREADY THEN SAY THANKS",,,
ham,"Ok, What time does the movie start? :)",,,
ham,"So Cool, see you then haha",,,
spam,"ALERT: Bonus prize alert! You have won a £1500 cash reward, text WON to 87066 now to claim your reward Offer ends soon",,,
ham,Let's meet at the coffee shop at 9 thanks,,,
ham,"BTW, NAH I DON'T THINK I CAN MAKE IT TONIGHT SEE YA 6111",,,
ham,So Thanks for helping me move last weekend no rush,,,
ham,"HEY, THANKS FOR HELPING ME MOVE LAST WEEKEND HAHA",,,
ham,"Hey, How was your exam today? thanks",,,
spam,"Dear customer, Win a brand new car by entering our free draw. Text CAR to 89545 before offer closes tonight Limited time only 9202",,,
ham,"Well, Let's meet at the coffee shop at 9 see ya",,,
ham,"BTW, I LEFT MY KEYS AT YOUR PLACE, CAN YOU CHECK? SEE YA 4329",,,
ham,"So I'll pay you back on Friday, promise let me know",,,
spam,"Dear customer, Your account has been credited with £500. Reply YES to claim your bonus now, offer ends today",,,
ham,"Actually, Lol that's so funny, send me the video haha",,,
spam,Congratulations! You've been selected to receive a FREE £1000 cash reward. Text CLAIM to 88888 now,,,
ham,"So Sorry I missed your call, was in a meeting let me know",,,
ham,"Btw, Please remember to feed the cat no rush",,,
ham,"I left my keys at your place, can you check? 8688",,,
ham,"Actually, Sorry I missed your call, was in a meeting haha 2213",,,
ham,"Hey, How was your exam today?",,,
ham,"Also, I'm running late, traffic is bad ok?",,,
ham,"Well, I'm on my way, be there in 10 mins :)",,,
ham,"Also, Happy birthday! Hope you have a great day 8091",,,
ham,"Btw, Let's meet at the coffee shop at 9 ok?",,,
ham,"Hey, Cool, see you then see ya",,,
ham,"Well, Thanks for helping me move last weekend no rush",,,
ham,"Well, What are you doing this weekend? thanks",,,
ham,"Hey, What are you doing this weekend? haha",,,
ham,"Btw, I'll be there in five minutes ok?",,,
ham,"Well, Good morning, hope you slept well haha",,,
ham,Did you finish the report yet? no rush 6241,,,
ham,"I'm on my way, be there in 10 mins thanks",,,
ham,"Actually, Lol that's so funny, send me the video thanks",,,
ham,"Also, Can you pick up milk on your way home? ok?",,,
ham,"Btw, Let's meet at the coffee shop at 9 see ya",,,
ham,"Ok, Just landed, will call you soon thanks",,,
ham,"Btw, Good morning, hope you slept well ok? 6154",,,
ham,"Btw, Mom said dinner is ready, come home haha",,,
ham,So Can you pick up milk on your way home? no rush,,,
ham,"Also, Can you send me the address again? haha",,,
ham,Did you finish the report yet? thanks,,,
ham,"Well, Hey, are you free tonight? Let's grab dinner",,,
ham,"ACTUALLY, CAN YOU SEND ME THE ADDRESS AGAIN? :)",,,
ham,"WELL, I'M RUNNING LATE, TRAFFIC IS BAD 2245",,,
ham,"Ok, The kids are asking when you'll be back let me know",,,
ham,"Hey, Just landed, will call you soon",,,
ham,"Hey, Let's meet at the coffee shop at 9 let me know",,,
ham,"I'm running late, traffic is bad let me know 7895",,,
ham,What time does the movie start? see ya,,,
ham,"Also, I'm at the gym, call you after haha",,,
ham,"I'm at the gym, call you after ok?",,,
ham,"So I'm at the gym, call you after thanks 8523",,,
ham,"Also, What time does the movie start? no rush",,,
ham,"Hey, Happy birthday! Hope you have a great day ok?",,,
ham,"Also, What are you doing this weekend? thanks",,,
ham,"Well, Mom said dinner is ready, come home no rush",,,
ham,So Ok lar... I'll call you later haha 6689,,,
ham,"Also, Please remember to feed the cat ok? 9830",,,
ham,So What time does the movie start? ok?,,,
ham,"U dun say so early hor, u c already then say haha",,,
ham,"Well, Can we reschedule our meeting to Friday? haha",,,
spam,"HI, WIN A BRAND NEW CAR BY ENTERING OUR FREE DRAW. TEXT CAR TO 89545 BEFORE OFFER CLOSES TONIGHT OFFER ENDS SOON 1826",,,
ham,"So I'm on my way, be there in 10 mins ok? 5262",,,
ham,"Actually, Good morning, hope you slept well see ya",,,
ham,"HEY, HAPPY BIRTHDAY! HOPE YOU HAVE A GREAT DAY",,,
ham,"Well, I'll be there in five minutes let me know 7070",,,
ham,"Btw, Just landed, will call you soon :)",,,
ham,"Well, Just landed, will call you soon no rush",,,
spam,"Reminder: your reward of £750 is waiting, claim now by texting CLAIM to 82277 before it expires Limited time only 7251",,,
ham,"Also, What are you doing this weekend? let me know",,,
spam,"Hi, FREE entry into our weekly draw! Text WIN to 80086 now to claim your prize before it expires Limited time only 6739",,,
ham,"Hey, Hey, are you free tonight? Let's grab dinner see ya",,,
spam,"Hi, Congratulations! You have been selected to receive a free iPhone. Claim now by texting CLAIM to 84484 Reply STOP to opt out",,,
ham,"Btw, Hey, are you free tonight? Let's grab dinner no rush",,,
ham,"Ok, Just landed, will call you soon haha",,,
ham,"Hey, Happy birthday! Hope you have a great day thanks",,,
ham,"So Good morning, hope you slept well let me know",,,
ham,"Also, Good morning, hope you slept well let me know",,,
ham,"I'm at the gym, call you after no rush",,,
spam,"Hi, Last chance! Claim your free prize now by calling 09050002311, offer closes at midnight tonight",,,
ham,"Also, Lol that's so funny, send me the video ok?",,,
ham,"WELL, I'M ON MY WAY, BE THERE IN 10 MINS NO RUSH",,,
ham,"Actually, What time does the movie start? :)",,,
ham,"ALSO, HOW WAS YOUR EXAM TODAY? SEE YA",,,
ham,"Ok, Nah I don't think I can make it tonight 7229",,,
ham,"Btw, Please remember to feed the cat thanks",,,
ham,So What are you doing this weekend? see ya,,,
ham,"Hey, U dun say so early hor, u c already then say haha",,,
ham,"Btw, Sorry I missed your call, was in a meeting ok?",,,
ham,"ACTUALLY, SEE YOU AT THE USUAL PLACE TOMORROW NO RUSH",,,
ham,"Just landed, will call you soon :)",,,
ham,"Actually, Can we reschedule our meeting to Friday? :)",,,
ham,"Well, Hey, are you free tonight? Let's grab dinner haha",,,
ham,What time does the movie start? thanks 1611,,,
ham,"Ok, I left my keys at your place, can you check? 4300",,,
spam,"ALERT: FreeMsg: Hey there darling, txt back to claim your free gift, hurry offer closes soon Offer ends soon",,,
ham,"Also, Ok lar... I'll call you later let me know",,,
ham,"ACTUALLY, HOW WAS YOUR EXAM TODAY?",,,
ham,"Btw, U dun say so early hor, u c already then say let me know",,,
ham,"So Just landed, will call you soon let me know",,,
ham,"Actually, Can you pick up milk on your way home? haha 1853",,,
ham,NAH I DON'T THINK I CAN MAKE IT TONIGHT NO RUSH,,,
ham,"Also, Happy birthday! Hope you have a great day",,,
ham,"Ok, Let's meet at the coffee shop at 9 haha",,,
ham,"Also, I'm on my way, be there in 10 mins haha",,,
spam,"NOTICE: Get a free holiday voucher worth £2000, text HOLIDAY to 80488 to claim before this offer expires",,,
ham,"So Hey, are you free tonight? Let's grab dinner see ya",,,
ham,So Thanks for helping me move last weekend,,,
spam,FREEMSG: TXT CALL TO 86888 AND CLAIM YOUR REWARD OF 3 HOURS TALK TIME TO USE FROM YOUR PHONE NOW,,,
spam,"Dear customer, FreeMsg: Txt CALL to 86888 and claim your reward of 3 hours talk time to use from your phone now Limited time only",,,
ham,What are you doing this weekend? see ya,,,
ham,"Well, Cool, see you then thanks 8138",,,
ham,"Btw, Thanks for helping me move last weekend",,,
ham,"Well, I'm running late, traffic is bad no rush",,,
spam,"HI, TEXT STOP TO OPT OUT OR REPLY YES TO CLAIM YOUR FREE ENTRY INTO THIS WEEK'S £1000 PRIZE DRAW REPLY STOP TO OPT OUT 6718",,,
ham,"Also, I left my keys at your place, can you check? see ya",,,
spam,"Hi, Reminder: your reward of £750 is waiting, claim now by texting CLAIM to 82277 before it expires Reply STOP to opt out",,,
ham,Thanks for helping me move last weekend :),,,
ham,"So U dun say so early hor, u c already then say see ya",,,
ham,"Well, Don't forget to bring your charger thanks",,,
ham,"OK, HEY, ARE YOU FREE TONIGHT? LET'S GRAB DINNER :)",,,
ham,"Well, Just landed, will call you soon no rush",,,
ham,So Can you send me the address again?,,,
ham,"SO I'LL PAY YOU BACK ON FRIDAY, PROMISE OK?",,,
ham,"Cool, see you then no rush",,,
ham,"Well, Let's meet at the coffee shop at 9 haha 7189",,,
ham,"OK, I LEFT MY KEYS AT YOUR PLACE, CAN YOU CHECK? HAHA",,,
ham,"Well, Hey, are you free tonight? Let's grab dinner thanks 4996",,,
ham,So The kids are asking when you'll be back :),,,
ham,"Ok, Good morning, hope you slept well",,,
ham,Don't forget to bring your charger see ya 3174,,,
ham,"Actually, U dun say so early hor, u c already then say ok?",,,
ham,"Also, I'm running late, traffic is bad :)",,,
