K,inertia_8D,silhouette_8D,inertia_PCA,silhouette_PCA,cum_nho_nhat_PCA
2,22292.744984057354,0.33700994385306154,19007.60342763985,0.36667497985820174,1758
3,18439.26799077752,0.2577880795271691,15213.169614424702,0.2824847383106239,1302
4,15737.598384097137,0.2410562458916347,12544.348609829603,0.27820557735559376,944
5,13609.631825468246,0.24825870541575987,10509.701271489448,0.2865919397148772,258
6,12157.612282264678,0.24705498877634022,9300.038340890007,0.27613888676583653,246
7,11013.209879773784,0.23465472312958752,8212.5697948247,0.2764313247337865,234
8,10154.617079691125,0.23037397299847165,7450.862056095347,0.275258268390293,224
9,9448.115330509912,0.23647674185814005,6878.795059008216,0.27367026827877294,197
10,8977.021852543761,0.22951689645754877,6426.671776439915,0.26229528361780785,143
11,8513.726687916354,0.22067621289304376,6023.501251060686,0.26680951334191894,114
12,8103.596452826102,0.21249073718121927,5637.807410551083,0.26346997868933864,117
