init,n_init,seed,inertia,ARI_vs_tot_nhat,kich_thuoc_cum
random,1,0,10509.750629538836,0.9980263277049328,"[257, 899, 974, 1064, 1201]"
random,1,1,11387.844718415487,0.49740815787686715,"[498, 705, 919, 1053, 1220]"
random,1,2,11008.094615954074,0.5986062231700334,"[587, 729, 924, 1028, 1127]"
random,1,3,11009.955706217293,0.5749747309788685,"[604, 714, 945, 1015, 1117]"
random,1,4,10518.4875278544,0.8628775297661239,"[254, 828, 982, 1153, 1178]"
random,1,5,10509.782336323504,0.9960762081487949,"[257, 900, 972, 1062, 1204]"
random,1,6,11008.339377960529,0.5975700780151995,"[594, 724, 924, 1029, 1124]"
random,1,7,10511.03526767948,0.9600108363321006,"[257, 880, 968, 1093, 1197]"
random,1,8,11009.944224472629,0.5770343581517989,"[604, 717, 941, 1012, 1121]"
random,1,9,11387.24662115644,0.49081041029958694,"[502, 713, 909, 1046, 1225]"
random,10,0,10509.688562595155,0.995963440695643,"[258, 899, 972, 1063, 1203]"
random,10,1,10509.71409330563,0.9945220094600732,"[258, 899, 969, 1062, 1207]"
random,10,2,10509.71409330563,0.9945220094600732,"[258, 899, 969, 1062, 1207]"
random,10,3,10509.684288807888,0.995963440695643,"[258, 899, 972, 1063, 1203]"
random,10,4,10509.68976502504,0.9965229824165077,"[258, 899, 969, 1065, 1204]"
random,10,5,10509.70275999231,0.9971079870774595,"[258, 899, 972, 1063, 1203]"
random,10,6,10509.698071301882,0.995963440695643,"[258, 899, 972, 1063, 1203]"
random,10,7,10509.69585470307,0.9977742142570606,"[258, 899, 972, 1064, 1202]"
random,10,8,10509.69551733256,0.9951883791806655,"[258, 899, 969, 1063, 1206]"
random,10,9,10509.698601088796,0.995963440695643,"[258, 899, 972, 1063, 1203]"
k-means++,1,0,11171.860310604918,0.369262502265663,"[256, 809, 847, 1128, 1355]"
k-means++,1,1,11171.567823820851,0.3685194420422345,"[253, 816, 846, 1125, 1355]"
k-means++,1,2,10509.69585470307,0.9977742142570606,"[258, 899, 972, 1064, 1202]"
k-means++,1,3,10509.857124911117,0.9934678483733946,"[257, 901, 972, 1059, 1206]"
k-means++,1,4,10516.895207860647,0.8771086523925768,"[253, 847, 980, 1154, 1161]"
k-means++,1,5,10513.941946755343,0.9397955554696195,"[250, 878, 985, 1110, 1172]"
k-means++,1,6,11008.373023788092,0.5960191873511831,"[594, 726, 925, 1029, 1121]"
k-means++,1,7,10509.781196825279,0.9938405538737874,"[258, 900, 970, 1062, 1205]"
k-means++,1,8,10509.703241746382,0.9986658015954706,"[257, 899, 973, 1064, 1202]"
k-means++,1,9,10509.690507314399,0.9965622860990768,"[258, 899, 971, 1064, 1203]"
k-means++,10,0,10509.688562595153,0.995963440695643,"[258, 899, 972, 1063, 1203]"
k-means++,10,1,10509.760911092055,0.9960762081487949,"[257, 900, 972, 1062, 1204]"
k-means++,10,2,10509.69585470307,0.9977742142570606,"[258, 899, 972, 1064, 1202]"
k-means++,10,3,10509.709287317233,0.9970182550193474,"[258, 898, 972, 1063, 1204]"
k-means++,10,4,10509.695420263672,0.9969698039138564,"[257, 900, 974, 1064, 1200]"
k-means++,10,5,10509.748016752537,0.9960762081487949,"[257, 900, 972, 1062, 1204]"
k-means++,10,6,10509.714093305633,0.9945220094600732,"[258, 899, 969, 1062, 1207]"
k-means++,10,7,10509.760911092055,0.9960762081487949,"[257, 900, 972, 1062, 1204]"
k-means++,10,8,10509.703241746382,0.9986658015954706,"[257, 899, 973, 1064, 1202]"
k-means++,10,9,10509.690507314399,0.9965622860990768,"[258, 899, 971, 1064, 1203]"
