learning_rate,max_depth,RMSE_log_train,RMSE_log_cv,std_cv,fit_s_TB
0.01,2,0.0980397335712295,0.12930029643272528,0.014810310949966748,3.334700012207031
0.01,3,0.08394951966554219,0.1247419542003578,0.014172869357867289,3.012520456314087
0.01,4,0.070465452434739,0.12402003283469643,0.014918016878179603,2.8754066944122316
0.01,5,0.06253084104470194,0.12512581307717213,0.014586312718267599,2.647353458404541
0.03,2,0.08740874568668143,0.12479975261603019,0.016011649091781904,1.7868072986602783
0.03,3,0.0717628109273485,0.12180274812378859,0.015425328953752116,1.756940984725952
0.03,4,0.06132111961707487,0.12317172363937275,0.01497366859468165,1.5615038394927978
0.03,5,0.05120981924062684,0.12334211443710077,0.012991857477523872,1.501997995376587
0.05,2,0.08806325846299179,0.1263263778487921,0.012585324349806056,1.1486932754516601
0.05,3,0.0682459521974799,0.12263074474855051,0.013746458993891427,1.2589777946472167
0.05,4,0.05644859971376428,0.12344657782439794,0.015527691328353401,1.1776884555816651
0.05,5,0.0468200760227117,0.12317707121559633,0.011700280643298222,1.2084603786468506
0.1,2,0.07849917861715985,0.1250934220271828,0.015116618549870996,1.1207380771636963
0.1,3,0.06759097454582441,0.1286336682509479,0.014642114660254925,0.8881849765777587
0.1,4,0.05548823566504666,0.1252973997989343,0.013811979325418883,0.8417468547821045
0.1,5,0.04347247007491685,0.1251958171149396,0.012417683130447511,0.9171268463134765
