alpha,RMSE_log_cv,std
0.1,0.15271391729375416,0.026634005164760548
0.1778279410038923,0.15102371811675866,0.026625150842789637
0.31622776601683794,0.14917401648161116,0.026579133364701156
0.5623413251903491,0.14736178793273597,0.02644854983949704
1.0,0.14568620319258005,0.026260171792844338
1.7782794100389228,0.14413277371624017,0.026134465345517693
3.1622776601683795,0.1426812825898644,0.02620381912787735
5.623413251903491,0.1413731450430781,0.026516882277121366
10.0,0.1403094171276918,0.02702280959903347
17.78279410038923,0.13961584168429947,0.027599101271284843
31.622776601683793,0.13937683760498412,0.02808932904566114
56.23413251903491,0.13960500362499045,0.028351585374139062
100.0,0.1403090518699979,0.02829052603615264
177.82794100389228,0.14158862313164466,0.02785193746833298
316.22776601683796,0.14368583337048899,0.02698159277496544
562.341325190349,0.14705086671683762,0.025580012769762395
1000.0,0.15255860437994645,0.023514316858327652
