,,loss,pr_auc,recall,val_loss,val_pr_auc,val_recall,learning_rate
"MLP co ban (128,64)",1,0.45715638995170593,0.3299785256385803,0.9191338419914246,0.4778633117675781,0.35314562916755676,0.9349222183227539,0.0010000000474974513
"MLP co ban (128,64)",2,0.4225095808506012,0.35616177320480347,0.9278810620307922,0.47374922037124634,0.3575676381587982,0.9297844767570496,0.0010000000474974513
"MLP co ban (128,64)",3,0.42044705152511597,0.36255311965942383,0.9269023537635803,0.470764696598053,0.35979339480400085,0.9275010824203491,0.0010000000474974513
"MLP co ban (128,64)",4,0.4190729260444641,0.3668915927410126,0.9275446534156799,0.4688315987586975,0.3615644872188568,0.9267874956130981,0.0010000000474974513
"MLP co ban (128,64)",5,0.4179796576499939,0.3704296052455902,0.9278199076652527,0.4681266248226166,0.3626645803451538,0.9269301891326904,0.0010000000474974513
"MLP co ban (128,64)",6,0.41702359914779663,0.3730286955833435,0.9280034303665161,0.4671781361103058,0.36325952410697937,0.9256457686424255,0.0010000000474974513
"MLP co ban (128,64)",7,0.41617679595947266,0.3753781318664551,0.9288597702980042,0.4665931165218353,0.36379408836364746,0.9249321818351746,0.0010000000474974513
"MLP co ban (128,64)",8,0.41538965702056885,0.3772723078727722,0.9294409155845642,0.4660514295101166,0.36397671699523926,0.9236477613449097,0.0010000000474974513
"MLP co ban (128,64)",9,0.41466712951660156,0.37905633449554443,0.929716169834137,0.46548160910606384,0.36403384804725647,0.9220778942108154,0.0010000000474974513
"MLP co ban (128,64)",10,0.41394537687301636,0.3807162046432495,0.9301749467849731,0.46547508239746094,0.3640584945678711,0.9215070605278015,0.0010000000474974513
"MLP co ban (128,64)",11,0.4132493734359741,0.3821772634983063,0.9299302697181702,0.4652094841003418,0.36406588554382324,0.9200799465179443,0.0010000000474974513
"MLP co ban (128,64)",12,0.412587970495224,0.3836606740951538,0.9300220012664795,0.4647344648838043,0.3637149930000305,0.9187954664230347,0.0010000000474974513
"MLP co ban (128,64)",13,0.4119463264942169,0.3850896656513214,0.9300220012664795,0.4649324417114258,0.3636252284049988,0.9185100793838501,0.0010000000474974513
"MLP co ban (128,64)",14,0.4113214313983917,0.3864123225212097,0.9304196238517761,0.46463459730148315,0.36318570375442505,0.9179391860961914,0.0010000000474974513
"MLP co ban (128,64)",15,0.4107286036014557,0.3876999616622925,0.9306031465530396,0.4641789197921753,0.36313188076019287,0.9165120720863342,0.0010000000474974513
"MLP co ban (128,64)",16,0.4101712703704834,0.3890273869037628,0.9309395551681519,0.46378493309020996,0.362662672996521,0.915655791759491,0.0010000000474974513
"MLP co ban (128,64)",17,0.4096214473247528,0.39017754793167114,0.9311842322349548,0.46331650018692017,0.36204004287719727,0.9150848984718323,0.0010000000474974513
"MLP co ban (128,64)",18,0.4090709686279297,0.3913586735725403,0.9314900636672974,0.463898241519928,0.36211830377578735,0.9143713712692261,0.0010000000474974513
"MLP co ban (128,64)",19,0.4085388779640198,0.39248979091644287,0.9312453866004944,0.46400949358940125,0.3617682456970215,0.9130868911743164,0.0010000000474974513
"MLP co ban (128,64)",20,0.40796729922294617,0.39381474256515503,0.9312453866004944,0.4637364149093628,0.3615712821483612,0.910803496837616,0.0010000000474974513
"MLP co ban (128,64)",21,0.40744054317474365,0.39484232664108276,0.9311842322349548,0.46418479084968567,0.36122626066207886,0.9098044633865356,0.0010000000474974513
"MLP + Dropout + BatchNorm (128,64)",1,0.5185738801956177,0.2865585684776306,0.9180939793586731,0.49481749534606934,0.342879056930542,0.8625659942626953,0.0010000000474974513
"MLP + Dropout + BatchNorm (128,64)",2,0.4532371759414673,0.3219580352306366,0.9228039979934692,0.4418143928050995,0.3524370491504669,0.9152276515960693,0.0010000000474974513
"MLP + Dropout + BatchNorm (128,64)",3,0.439883828163147,0.327405720949173,0.9258930683135986,0.4458141028881073,0.3569278419017792,0.9314970970153809,0.0010000000474974513
"MLP + Dropout + BatchNorm (128,64)",4,0.4340274930000305,0.3367077708244324,0.9272693991661072,0.4620145857334137,0.35988548398017883,0.9347795248031616,0.0010000000474974513
"MLP + Dropout + BatchNorm (128,64)",5,0.4302399158477783,0.341083824634552,0.9280951619148254,0.4726313352584839,0.3607526421546936,0.9363493919372559,0.0010000000474974513
"MLP + Dropout + BatchNorm (128,64)",6,0.4283049404621124,0.3429211378097534,0.9290432929992676,0.4733223021030426,0.3627074658870697,0.9356358051300049,0.0010000000474974513
"MLP + Dropout + BatchNorm (128,64)",7,0.4262857735157013,0.3463734984397888,0.9312453866004944,0.4823056161403656,0.36331599950790405,0.9374910593032837,0.0010000000474974513
"MLP + Dropout + BatchNorm (128,64)",8,0.4242757260799408,0.3503536581993103,0.9304502010345459,0.47398221492767334,0.3647400140762329,0.933637797832489,0.0005000000237487257
"MLP + Dropout + BatchNorm (128,64)",9,0.4234955906867981,0.35386398434638977,0.9302666783332825,0.4668433964252472,0.36598730087280273,0.9320679306983948,0.0005000000237487257
"MLP + Dropout + BatchNorm (128,64)",10,0.422208309173584,0.3563079535961151,0.9305113554000854,0.4667881429195404,0.3659557104110718,0.9317824840545654,0.0005000000237487257
"MLP + Dropout + BatchNorm (128,64)",11,0.42186346650123596,0.35483023524284363,0.9301443696022034,0.4680691063404083,0.36618006229400635,0.9322106242179871,0.0005000000237487257
"MLP + Dropout + BatchNorm (128,64)",12,0.42181840538978577,0.3556536138057709,0.9303584694862366,0.47011077404022217,0.36701250076293945,0.9334951043128967,0.0005000000237487257
"MLP + Dropout + BatchNorm (128,64)",13,0.4203985631465912,0.35610485076904297,0.9312453866004944,0.4703539311885834,0.3668252229690552,0.9323533773422241,0.0002500000118743628
"MLP + Dropout + BatchNorm (128,64)",14,0.41981297731399536,0.361375629901886,0.9293491840362549,0.4679132103919983,0.3670927882194519,0.9306408166885376,0.0002500000118743628
"MLP + Dropout + BatchNorm (128,64)",15,0.42013120651245117,0.35914427042007446,0.9300832152366638,0.4679597020149231,0.36723849177360535,0.9327815175056458,0.0002500000118743628
"MLP + Dropout + BatchNorm (128,64)",16,0.41931208968162537,0.3610408306121826,0.9302972555160522,0.468664288520813,0.36749267578125,0.9324960708618164,0.0002500000118743628
"MLP + Dropout + BatchNorm (128,64)",17,0.4198158383369446,0.35814085602760315,0.9303890466690063,0.46691256761550903,0.3676832914352417,0.9317824840545654,0.0002500000118743628
"MLP + Dropout + BatchNorm (128,64)",18,0.4186434745788574,0.35971498489379883,0.9303278923034668,0.46826550364494324,0.3675214946269989,0.9309262037277222,0.0001250000059371814
"MLP + Dropout + BatchNorm (128,64)",19,0.4189201295375824,0.3617091178894043,0.9305419325828552,0.46944695711135864,0.36792001128196716,0.9324960708618164,0.0001250000059371814
"MLP + Dropout + BatchNorm (128,64)",20,0.419001966714859,0.360507994890213,0.9307254552841187,0.4685002863407135,0.36757224798202515,0.9317824840545654,0.0001250000059371814
"MLP + Dropout + BatchNorm (128,64)",21,0.41875407099723816,0.3609221577644348,0.9306643009185791,0.4699791967868805,0.3677099049091339,0.9320679306983948,0.0001250000059371814
"MLP + Dropout + BatchNorm (128,64)",22,0.4184604287147522,0.3621266484260559,0.9307560324668884,0.4689493179321289,0.3678346872329712,0.9324960708618164,0.0001250000059371814
"MLP + Dropout + BatchNorm (128,64)",23,0.4186030626296997,0.360927939414978,0.9313066005706787,0.46858319640159607,0.367988646030426,0.9319252371788025,6.25000029685907e-05
"MLP + Dropout + BatchNorm (128,64)",24,0.4181194305419922,0.36033231019973755,0.9311536550521851,0.46860527992248535,0.36788758635520935,0.9307835102081299,6.25000029685907e-05
"MLP + Dropout + BatchNorm (128,64)",25,0.418086975812912,0.36294203996658325,0.9305725693702698,0.46813952922821045,0.36823803186416626,0.9310689568519592,6.25000029685907e-05
"MLP + Dropout + BatchNorm (128,64)",26,0.418125718832016,0.3609240651130676,0.9311842322349548,0.46886080503463745,0.3682897388935089,0.9316397905349731,6.25000029685907e-05
"MLP + Dropout + BatchNorm (128,64)",27,0.41838309168815613,0.36211496591567993,0.9314900636672974,0.4691614806652069,0.36828330159187317,0.9314970970153809,6.25000029685907e-05
"MLP + Dropout + BatchNorm (128,64)",28,0.4178994297981262,0.3629096746444702,0.9327746629714966,0.46910226345062256,0.3682865500450134,0.9304980635643005,3.125000148429535e-05
"MLP + Dropout + BatchNorm (128,64)",29,0.4176279902458191,0.3636119067668915,0.9310925006866455,0.46886974573135376,0.3684389591217041,0.9300699234008789,3.125000148429535e-05
"MLP + Dropout + BatchNorm (128,64)",30,0.41719499230384827,0.3628696799278259,0.9307560324668884,0.46820393204689026,0.3682743310928345,0.9299272298812866,3.125000148429535e-05
"MLP + Dropout + BatchNorm (128,64)",31,0.4176734387874603,0.3656364977359772,0.9295326471328735,0.46866267919540405,0.3682790994644165,0.9302126169204712,3.125000148429535e-05
"MLP + Dropout + BatchNorm (128,64)",32,0.4176667630672455,0.36221787333488464,0.9306031465530396,0.4691106081008911,0.3682408928871155,0.9303553700447083,3.125000148429535e-05
"MLP + Dropout + BatchNorm (128,64)",33,0.4179255962371826,0.36252111196517944,0.9305419325828552,0.46885454654693604,0.3681003451347351,0.9303553700447083,1.5625000742147677e-05
"MLP + Dropout + BatchNorm (128,64)",34,0.41709885001182556,0.36597320437431335,0.9304502010345459,0.468848317861557,0.36833205819129944,0.9304980635643005,1.5625000742147677e-05
"MLP + Dropout + BatchNorm (128,64)",35,0.4178159832954407,0.3636925518512726,0.9317041635513306,0.46905651688575745,0.3685724437236786,0.9302126169204712,1.5625000742147677e-05
"MLP + Dropout + BatchNorm (128,64)",36,0.41713905334472656,0.36260247230529785,0.9311842322349548,0.4688957929611206,0.3684350848197937,0.9302126169204712,1.5625000742147677e-05
"MLP + Dropout + BatchNorm (128,64)",37,0.417716920375824,0.3623201847076416,0.9307560324668884,0.4689517915248871,0.3684277832508087,0.9302126169204712,1.5625000742147677e-05
"MLP + Dropout + BatchNorm (128,64)",38,0.4175255596637726,0.36352285742759705,0.9314900636672974,0.4689943194389343,0.36851656436920166,0.9303553700447083,9.999999747378752e-06
"MLP + Dropout + BatchNorm (128,64)",39,0.41736388206481934,0.3638289272785187,0.931398332118988,0.46877801418304443,0.36841797828674316,0.9302126169204712,9.999999747378752e-06
"MLP + Dropout + BatchNorm (128,64)",40,0.4174259603023529,0.36294257640838623,0.9313677549362183,0.46866899728775024,0.368455708026886,0.9302126169204712,9.999999747378752e-06
"MLP + Dropout + BatchNorm (128,64)",41,0.41726064682006836,0.36500734090805054,0.9322241544723511,0.46857163310050964,0.3684430718421936,0.9300699234008789,9.999999747378752e-06
"MLP + Dropout + BatchNorm (128,64)",42,0.41702672839164734,0.36503857374191284,0.9310007095336914,0.4685008227825165,0.3684660792350769,0.9299272298812866,9.999999747378752e-06
"MLP + Dropout + BatchNorm (128,64)",43,0.4173145294189453,0.3636093735694885,0.9310925006866455,0.46850359439849854,0.36837828159332275,0.9300699234008789,9.999999747378752e-06
"MLP + Dropout + BatchNorm (128,64)",44,0.4174644649028778,0.36328786611557007,0.9298691153526306,0.4686736464500427,0.3683962821960449,0.9300699234008789,9.999999747378752e-06
"MLP + Dropout + BatchNorm (128,64)",45,0.4179368317127228,0.36347419023513794,0.930786669254303,0.46889251470565796,0.36839741468429565,0.9303553700447083,9.999999747378752e-06
