mo_hinh,k,ti_le_goi,precision,recall
MLP cuoi,100,0.0017492609372540102,0.5099999904632568,0.007278435863554478
MLP cuoi,250,0.0043731523431350255,0.4959999918937683,0.01769658923149109
MLP cuoi,451,0.007889166827015586,0.48337027430534363,0.031111745163798332
MLP cuoi,1000,0.017492609372540102,0.45500001311302185,0.06493506580591202
MLP cuoi,2000,0.034985218745080204,0.4269999861717224,0.12187812477350235
MLP cuoi,3000,0.052477828117620307,0.4073333442211151,0.1743970364332199
MLP cuoi,5000,0.08746304686270051,0.3944000005722046,0.2814328670501709
MLP cuoi,7000,0.12244826560778072,0.38600000739097595,0.38561439514160156
MLP cuoi,10000,0.17492609372540102,0.3646000027656555,0.5203368067741394
MLP cuoi,15000,0.26238914058810153,0.33746665716171265,0.7224204540252686
MLP cuoi,20000,0.34985218745080204,0.30570000410079956,0.8725560307502747
LightGBM tinh chinh,100,0.0017492609372540102,0.4000000059604645,0.005708577111363411
LightGBM tinh chinh,250,0.0043731523431350255,0.46799999475479126,0.016697587445378304
LightGBM tinh chinh,451,0.007889166827015586,0.47893568873405457,0.03082631714642048
LightGBM tinh chinh,1000,0.017492609372540102,0.45899999141693115,0.06550592184066772
LightGBM tinh chinh,2000,0.034985218745080204,0.4350000023841858,0.12416155636310577
LightGBM tinh chinh,3000,0.052477828117620307,0.4169999957084656,0.17853574454784393
LightGBM tinh chinh,5000,0.08746304686270051,0.3986000120639801,0.2844298481941223
LightGBM tinh chinh,7000,0.12244826560778072,0.38857144117355347,0.38818323612213135
LightGBM tinh chinh,10000,0.17492609372540102,0.36550000309944153,0.5216212272644043
LightGBM tinh chinh,15000,0.26238914058810153,0.33686667680740356,0.7211360335350037
LightGBM tinh chinh,20000,0.34985218745080204,0.30584999918937683,0.8729841709136963
LightGBM mac dinh,100,0.0017492609372540102,0.4099999964237213,0.005851291585713625
LightGBM mac dinh,250,0.0043731523431350255,0.4359999895095825,0.015698587521910667
LightGBM mac dinh,451,0.007889166827015586,0.47228381037712097,0.03039817325770855
LightGBM mac dinh,1000,0.017492609372540102,0.453000009059906,0.06464963406324387
LightGBM mac dinh,2000,0.034985218745080204,0.4309999942779541,0.12301983684301376
LightGBM mac dinh,3000,0.052477828117620307,0.41733333468437195,0.1786784678697586
LightGBM mac dinh,5000,0.08746304686270051,0.39660000801086426,0.2831454277038574
LightGBM mac dinh,7000,0.12244826560778072,0.3840000033378601,0.3836163878440857
LightGBM mac dinh,10000,0.17492609372540102,0.36579999327659607,0.5220493674278259
LightGBM mac dinh,15000,0.26238914058810153,0.3370666801929474,0.7215641736984253
LightGBM mac dinh,20000,0.34985218745080204,0.30489999055862427,0.8702725768089294
