class,gia_that,gia_thap_10%,gia_du_doan_TB,gia_cao_90%
Economy,7366,6140.601136363636,6929.574701156986,7324.0
Business,64831,64831.0,68018.4689844152,73555.65454545454
Economy,6195,6195.0,6209.763766683608,6256.198076923077
Business,60160,60160.0,61529.80201696702,63659.97222222222
Economy,6578,5914.083333333333,6478.100361610613,6927.7692307692305
Economy,4555,4706.65,6497.571462809465,9364.27909090909
Business,23838,23838.0,23897.04532828283,23838.0
Economy,3860,3758.3791666666666,3975.5246717996065,4469.9000000000015
Business,32230,36755.9303030303,44604.51592674978,51117.0
Business,76841,57606.94454545454,68111.43962945316,76169.93737373738
