days_left,gia_du_doan_trung_binh,PDP_Economy,PDP_Business
1,29651.81097501778,14838.549835068401,62355.02502335829
2,28842.424873134016,13982.797059741119,61648.00255578891
3,28555.28703607918,13379.703079342064,62058.40061498641
4,24963.505924804766,10606.272948947788,56659.947290108896
5,24499.891526643598,10368.391317136275,55697.98300761687
6,23883.912467604114,10343.79806405893,53776.40240582375
7,23857.97062130237,10377.792700380951,53618.13887815617
8,23791.22136474922,10490.004968762727,53156.2965356801
9,24051.021217485457,10969.01705310376,52932.14187870664
10,24142.586135662616,11064.2972845046,53015.504505540724
11,23072.33912533191,9757.725696189698,52466.99090594819
12,22914.429064852608,9602.06019741549,52304.12553001249
13,22876.081126226098,9599.74284760684,52186.23291535104
14,22831.98442807573,9554.674018101505,52144.28239011185
15,22117.075809906484,8526.875399878862,52120.140548323514
16,20580.254941934152,6336.85308610544,52025.39151699145
17,20517.847392196043,6218.781586662312,52085.87318420435
18,20006.93836453066,5473.476596141598,52092.439766595686
19,19931.258995764892,5391.127753102314,52031.48458602157
20,19872.422425114302,5356.314991798584,51919.61068807996
21,19826.203500117757,5337.449510649144,51813.00360677943
22,19843.572908835067,5390.150879077883,51752.370701875596
23,19878.348069970056,5443.772775092975,51745.53795513173
24,19874.54881432178,5429.556412308803,51764.73653103528
25,19704.875089329063,5216.788809045036,51690.20109544128
26,19658.39208679223,5175.247137216618,51632.80912462836
27,19670.98205201118,5171.1002235000315,51682.349071972036
28,19675.695503742558,5183.590976869709,51669.892586726484
29,19687.73593612552,5211.999401203967,51645.797428217775
30,19704.83072556857,5238.177738899915,51642.83848202311
31,19542.24087528597,5021.35825616692,51599.97130867389
32,19454.479669911307,4944.477356902419,51488.189668077684
33,19448.88953104743,4939.908411672841,51480.345041583314
34,19481.339532537313,4994.433326548086,51464.06029042692
35,19608.809325215436,5203.286881376579,51411.8592754066
36,19610.72729771041,5204.719739830312,51414.84823343129
37,19630.438500484186,5229.485467126313,51423.4005701187
38,19686.858051220705,5306.932843061655,51433.397023202946
39,19416.45308558399,4940.5058379703205,51374.979767765566
40,19383.96911890336,4892.670913178803,51376.386087916755
41,19392.38882625273,4878.698443925226,51434.24096943445
42,19377.46936848068,4878.759869232348,51386.24823891425
43,19393.364685181772,4899.209222205299,51392.08961667675
44,19392.391883686058,4914.108199293989,51356.076713783375
45,19368.360057400158,4930.878857009063,51241.96530573751
46,19322.632455299026,4882.7451222083455,51201.54971913114
47,19314.882850660193,4872.041711886885,51200.32122679725
48,19316.302138467676,4882.3182275139425,51182.18642624284
49,19318.923229394026,4893.912393069185,51164.997673982856
