n_estimators,accuracy,f1
1,0.9212542171065687,0.9151338865600137
2,0.9212542171065687,0.9151338865600137
3,0.9212542171065687,0.9151338865600137
4,0.9438380631077595,0.9387525429597888
5,0.9438380631077595,0.9387525429597888
6,0.9414169478071046,0.9376794460395204
7,0.9455844413574122,0.9405283477204702
8,0.957848779519746,0.9536649214659686
9,0.9539591188727922,0.9502743484224966
10,0.9547132367533241,0.951002705372096
11,0.9539988092875571,0.9503150855232134
12,0.9652311966660052,0.9621107266435986
13,0.9596348481841636,0.9566514641319637
14,0.9596745385989284,0.9557991821108501
15,0.9607858702123437,0.9578713968957872
16,0.96527088708077,0.9618586809642126
17,0.9608255606271086,0.9579158316633266
18,0.965985314546537,0.962672590269611
19,0.9609446318714031,0.9580383795309169
20,0.9719388767612621,0.9694032111481369
21,0.9680095256995436,0.9653243847874721
22,0.9726533042270292,0.9701434328552239
23,0.9723754713236753,0.9702105803800719
24,0.972692994641794,0.9701880578906318
25,0.9728517563008533,0.9706815259322761
26,0.9725739233974995,0.9700619557211559
27,0.9728517563008533,0.9706815259322761
28,0.9770589402659258,0.9750797620074158
29,0.9761063703115698,0.9740450116409416
30,0.9770986306806906,0.9751987964753922
31,0.9762651319706291,0.9742285812790898
32,0.976542964873983,0.9745970341715022
33,0.9749950386981544,0.9728237425588819
34,0.976304822385394,0.9743457522237978
35,0.9752331811867434,0.9730895290667587
36,0.9779321293907521,0.976149622512011
37,0.9767414169478071,0.9747739991390444
38,0.977733677316928,0.9758491540746481
39,0.9776542964873983,0.9758192672765537
40,0.9773367731692796,0.9754461406149215
41,0.9775749156578686,0.9757104165771033
42,0.9779321293907521,0.9761598490695481
43,0.9780115102202818,0.9762435677530017
44,0.9770986306806906,0.9751689116495245
45,0.9768207977773368,0.9748817204301076
46,0.9768207977773368,0.9749183989005326
47,0.9765032744592181,0.9745463926390919
48,0.9768207977773368,0.9749183989005326
49,0.9771780115102203,0.9752953813104189
50,0.9781305814645763,0.9762939379598159
51,0.9768207977773368,0.9749183989005326
52,0.9779321293907521,0.9760839642119752
53,0.9781305814645763,0.9763082082813777
54,0.9789640801746379,0.9773058148497046
55,0.9792419130779917,0.9775834726329776
56,0.9786068664417543,0.9769194536033914
57,0.9792419130779917,0.9775834726329776
58,0.9786068664417543,0.9769194536033914
59,0.9781305814645763,0.9763224614326844
60,0.978924389759873,0.9771622725904262
61,0.978686247271284,0.9770031262044452
62,0.9788053185155785,0.9770381836945304
63,0.9790831514189323,0.9774178343403179
64,0.9804326255209367,0.9788402935748315
65,0.9790434610041675,0.9774069319640565
66,0.9802341734471125,0.9786394441108347
67,0.9809089104981147,0.9793517922300923
68,0.9792419130779917,0.9776084257396069
69,0.9806707680095257,0.9791031967388972
70,0.9805516967652312,0.9789627339859179
71,0.9800754117880531,0.9784973871326994
72,0.9809089104981147,0.9793712741776386
73,0.9801944830323477,0.9786286350593173
74,0.9796785076404049,0.978050244362514
75,0.9807501488390553,0.979237124876921
76,0.979162532248462,0.9775035351587608
77,0.9802341734471125,0.9786924525072737
78,0.9794403651518159,0.977808242652729
79,0.9803929351061719,0.9788037415257873
80,0.9794403651518159,0.9778215447850659
81,0.9808692200833499,0.9793522960932145
82,0.9802738638618773,0.9787270470401918
83,0.9809486009128795,0.9794379712131597
84,0.9809089104981147,0.9794101279910963
85,0.9809089104981147,0.9793942509531766
86,0.982258384600119,0.9808900859304861
87,0.9808692200833499,0.9793505269471339
88,0.982258384600119,0.9808900859304861
89,0.982258384600119,0.9808113329040566
90,0.9823377654296488,0.9809739621189448
91,0.9812264338162334,0.9797300192843368
92,0.9818614804524707,0.9803921568627451
93,0.9821790037705894,0.9808045829592579
94,0.9817027187934114,0.9802256251876635
95,0.9821790037705894,0.9807453149792015
96,0.9817424092081762,0.9802828975567939
97,0.9831315737249454,0.9818057279849308
98,0.9823774558444136,0.9810159055926116
99,0.9827743599920619,0.9814323607427056
100,0.9831315737249454,0.9818119570334232
101,0.981543957134352,0.9800677268635604
102,0.9828537408215916,0.9815195071868583
103,0.9818614804524707,0.9804022470946439
104,0.9831712641397102,0.9818617385352498
105,0.9818614804524707,0.9804005661105631
106,0.9822186941853542,0.9807791316286254
107,0.9819011708672356,0.9804627249357326
108,0.9819805516967652,0.9805434130453415
109,0.9819408612820004,0.9805080752259778
110,0.98202024211153,0.9805804432631714
111,0.9819408612820004,0.9805064050383445
112,0.9838063107759476,0.9825222755311858
113,0.9833697162135344,0.9820702640249904
114,0.9839253820202422,0.9826485583308342
115,0.9847588807303036,0.9835362716515178
116,0.9840841436793014,0.9828302290730037
117,0.9842825957531256,0.9830246913580247
118,0.9855129986108355,0.9843394688291072
119,0.9853145465370113,0.984139231824417
120,0.9852748561222465,0.9840861322009179
121,0.9854336177813058,0.9842631105012649
122,0.9853145465370113,0.9841297074719053
123,0.9855526890256003,0.9843830444482581
124,0.9850764040484223,0.9838861746807234
125,0.9854336177813058,0.9842590606905426
126,0.9851160944631872,0.9839283418334548
127,0.9855526890256003,0.9843870635669555
128,0.9851160944631872,0.9839283418334548
129,0.985870212343719,0.9847302050270224
130,0.9844810478269498,0.9832526662954555
131,0.9850764040484223,0.9838806482037211
132,0.9844810478269498,0.9832598364515991
133,0.9859099027584838,0.9848011302821424
134,0.986346497320897,0.9852903446506457
135,0.9866243302242509,0.9855606495565362
136,0.9869815439571343,0.9859661132979634
137,0.9866243302242509,0.9855631238486913
138,0.9869418535423695,0.9859239293201557
139,0.986584639809486,0.9855209047292666
140,0.9869815439571343,0.9859661132979634
141,0.9866640206390157,0.9856016455262255
142,0.9870609247866641,0.9860445205479452
143,0.986584639809486,0.9855209047292666
144,0.9870609247866641,0.9860445205479452
145,0.9865449493947211,0.9854774450584758
146,0.9870609247866641,0.9860445205479452
147,0.986584639809486,0.9855209047292666
148,0.9870609247866641,0.9860445205479452
149,0.9865449493947211,0.9854774450584758
150,0.9870609247866641,0.9860445205479452
151,0.9865449493947211,0.9854774450584758
152,0.9870609247866641,0.9860445205479452
153,0.9865449493947211,0.9854774450584758
154,0.9870609247866641,0.9860445205479452
155,0.986584639809486,0.9855209047292666
156,0.9870609247866641,0.9860445205479452
157,0.986584639809486,0.9855209047292666
158,0.9870609247866641,0.9860445205479452
159,0.9866640206390157,0.9856016455262255
160,0.9870609247866641,0.9860445205479452
161,0.986584639809486,0.9855209047292666
162,0.9870609247866641,0.9860445205479452
163,0.986584639809486,0.9855209047292666
164,0.9871006152014289,0.9860867331649471
165,0.986584639809486,0.9855209047292666
166,0.9870609247866641,0.9860516857778538
167,0.9866640206390157,0.985605346585554
168,0.9871799960309585,0.9861723532685475
169,0.9867037110537805,0.9856438825798157
170,0.986822782298075,0.9857779300891021
171,0.9866243302242509,0.9855631238486913
172,0.9865449493947211,0.9854824204530855
173,0.9866243302242509,0.9855631238486913
174,0.9868624727128399,0.9858165145477139
175,0.9872990672752531,0.9863072314933675
176,0.9874181385195475,0.9864338597166945
177,0.9873784481047827,0.9863939756974157
178,0.9865449493947211,0.9854811769240652
179,0.9884103988886684,0.987526697992311
180,0.9871006152014289,0.9860867331649471
181,0.9884103988886684,0.9875256322624744
182,0.9885691605477277,0.9876944112117587
183,0.9884103988886684,0.9875256322624744
184,0.9885691605477277,0.9876944112117587
185,0.9884103988886684,0.9875256322624744
186,0.9869815439571343,0.985960106155295
187,0.9884500893034333,0.9875678215918315
188,0.9871403056161937,0.986112301757394
189,0.9887279222067871,0.9878705048261723
190,0.986108354832308,0.9849811191211809
191,0.9893232784282596,0.9884978834395177
192,0.9876959714229013,0.9867498717729526
193,0.9888469934510815,0.9879683151359452
194,0.9886088509624925,0.9877282250823107
195,0.9887676126215519,0.987883717943229
196,0.9884103988886684,0.9874967885587052
197,0.9886088509624925,0.9877229755742825
198,0.9896011113316134,0.9887986318939718
199,0.9894026592577893,0.9885873049796965
200,0.9896011113316134,0.9887986318939718
201,0.9890057551101409,0.9881760361975498
202,0.9892438975987299,0.9884163282752725
203,0.9890057551101409,0.9881760361975498
204,0.9894820400873189,0.9886708563122568
205,0.9891248263544354,0.9883045927949462
206,0.9892835880134947,0.988459565737733
207,0.9891645167692003,0.9883348288680939
208,0.9892835880134947,0.988459565737733
209,0.9886882317920223,0.9878283151825753
210,0.9893629688430244,0.9885440711293494
211,0.9891645167692003,0.9883348288680939
212,0.9894423496725541,0.9886285909712722
213,0.9890851359396706,0.9882483654544677
214,0.9893629688430244,0.9885440711293494
215,0.9891645167692003,0.9883348288680939
216,0.9894026592577893,0.9885863292437909
217,0.9888073030363167,0.9879548949256791
218,0.9896804921611431,0.9888841385207353
219,0.9892835880134947,0.9884615384615385
220,0.9895614209168486,0.9887573205659813
221,0.9894026592577893,0.9885882805487883
222,0.9898392538202024,0.9890532797400154
223,0.9887676126215519,0.9879137305146274
224,0.9894820400873189,0.9886737615933666
225,0.9893629688430244,0.9885470085470085
226,0.9894820400873189,0.9886737615933666
227,0.9894026592577893,0.988589255951109
228,0.9894820400873189,0.9886737615933666
229,0.9892835880134947,0.9884625245705495
230,0.9894820400873189,0.9886737615933666
231,0.9892438975987299,0.9884202879972653
232,0.9897995634054376,0.9890100491768228
233,0.9894026592577893,0.988589255951109
234,0.9917443937289144,0.9911300639658849
235,0.9906330621154991,0.9899283031751451
236,0.9911093470926772,0.9904298043236777
237,0.9917443937289144,0.9911277938918274
238,0.9911093470926772,0.9904298043236777
239,0.9918237745584442,0.9912123538947188
240,0.9911887279222068,0.9905144419757307
241,0.991149037507442,0.9904721213415937
242,0.9918237745584442,0.9912116040955632
243,0.991149037507442,0.9904721213415937
244,0.9919428458027386,0.9913384818876136
245,0.9911887279222068,0.9905152524993591
246,0.9918237745584442,0.9912116040955632
247,0.9922206787060924,0.9916396519365296
248,0.9925382020242112,0.991974043715847
249,0.9921809882913276,0.9915966386554622
250,0.9912681087517364,0.9905998974534268
251,0.9920222266322684,0.9914260120291771
252,0.992101607461798,0.991508427565607
253,0.9913077991665012,0.9906422253557237
254,0.9920222266322684,0.991424548828875
255,0.9912681087517364,0.9906007006750406
256,0.9920222266322684,0.991424548828875
257,0.9912681087517364,0.9906007006750406
258,0.9920222266322684,0.9914252804914466
259,0.9912681087517364,0.9906015037593985
260,0.9919031553879738,0.9912984132400614
261,0.9911887279222068,0.9905168731311406
262,0.9919825362175034,0.991382252559727
263,0.9922603691208574,0.9916784022532327
264,0.9920222266322684,0.9914252804914466
265,0.9922603691208574,0.9916784022532327
266,0.9920222266322684,0.9914252804914466
267,0.9923000595356222,0.9917200170721298
268,0.992577892438976,0.9920218439353214
269,0.9922206787060924,0.9916396519365296
270,0.9926572732685056,0.9921058246212929
271,0.9921809882913276,0.9915980722480487
272,0.9923000595356222,0.9917249616106466
273,0.9921809882913276,0.9915980722480487
274,0.9927366540980354,0.992189833980624
275,0.9924191307799166,0.9918518834520712
276,0.9926572732685056,0.9921017803014132
277,0.9922206787060924,0.9916403650942591
278,0.9924588211946815,0.9918941979522184
279,0.992339749950387,0.9917672652817472
280,0.992816034927565,0.992274531563447
281,0.9923794403651518,0.991809572562068
282,0.9926572732685056,0.992105150855631
283,0.9923794403651518,0.991809572562068
284,0.9924191307799166,0.9918511881906225
285,0.9923794403651518,0.991809572562068
286,0.9924191307799166,0.9918511881906225
287,0.9924191307799166,0.9918518834520712
288,0.9924191307799166,0.9918511881906225
289,0.992339749950387,0.9917672652817472
290,0.9926175828537408,0.9920628147136639
291,0.9924191307799166,0.9918518834520712
292,0.9924588211946815,0.9918941979522184
293,0.9924191307799166,0.9918518834520712
294,0.9926969636832705,0.9921474906111301
295,0.992339749950387,0.9917672652817472
296,0.992816034927565,0.9922712327597251
297,0.9923794403651518,0.991809572562068
298,0.9927763445128002,0.9922301912568307
299,0.9921412978765628,0.9915565031982942
300,0.9929747965866244,0.992442034245698
301,0.9928557253423298,0.9923175416133163
302,0.9928954157570946,0.9923572861961487
303,0.992577892438976,0.9920211631181465
304,0.9929351061718595,0.9924003074032961
305,0.9928557253423298,0.9923175416133163
306,0.9930144870013892,0.9924856972077534
307,0.9928954157570946,0.9923605479919765
308,0.9930144870013892,0.9924856972077534
309,0.9924191307799166,0.9918525785948897
310,0.9929747965866244,0.9924426796464711
311,0.9923000595356222,0.9917249616106466
312,0.9928557253423298,0.9923155737704918
313,0.9923000595356222,0.9917249616106466
314,0.9926969636832705,0.9921474906111301
315,0.9923000595356222,0.9917249616106466
316,0.9927366540980354,0.992189833980624
317,0.9923000595356222,0.9917249616106466
318,0.9926969636832705,0.9921474906111301
319,0.9923000595356222,0.9917242556095897
320,0.9926969636832705,0.9921474906111301
321,0.9923794403651518,0.991809572562068
322,0.9926969636832705,0.9921474906111301
323,0.9924191307799166,0.9918518834520712
324,0.9929747965866244,0.9924439701173959
325,0.9924588211946815,0.9918941979522184
326,0.9929747965866244,0.9924426796464711
327,0.9932129390752134,0.9926963652671593
328,0.9929747965866244,0.9924452601476802
329,0.9929351061718595,0.9924016050542133
330,0.9929747965866244,0.9924452601476802
331,0.9926175828537408,0.9920634920634921
332,0.993054177416154,0.992526158445441
333,0.9925382020242112,0.9919795221843003
334,0.9932129390752134,0.9926982364746574
335,0.9927763445128002,0.9922335068703593
336,0.9929747965866244,0.9924446151876041
337,0.992816034927565,0.9922765094943461
338,0.9929747965866244,0.9924446151876041
339,0.9926969636832705,0.9921508403719819
340,0.993292319904743,0.9927842534477606
341,0.9927763445128002,0.9922348323235771
342,0.9928557253423298,0.9923181973369751
343,0.9932129390752134,0.9926994834137386
344,0.9927763445128002,0.9922348323235771
345,0.9928557253423298,0.9923181973369751
346,0.992816034927565,0.9922758502965903
347,0.9928557253423298,0.9923181973369751
348,0.9928954157570946,0.9923618519308727
349,0.9928557253423298,0.9923181973369751
350,0.9928954157570946,0.9923618519308727
351,0.9928954157570946,0.9923605479919765
352,0.9933717007342727,0.9928684289191613
353,0.9929351061718595,0.9924041990270547
354,0.9931732486604485,0.9926571038251366
355,0.9928557253423298,0.9923181973369751
356,0.9932526294899782,0.9927418666211254
357,0.9929351061718595,0.9924041990270547
358,0.9931732486604485,0.9926571038251366
359,0.9928557253423298,0.9923181973369751
360,0.9932129390752134,0.9926994834137386
361,0.9929351061718595,0.9924041990270547
362,0.9932129390752134,0.9926994834137386
363,0.9929351061718595,0.9924041990270547
364,0.9931732486604485,0.9926571038251366
365,0.9929351061718595,0.9924041990270547
366,0.9931732486604485,0.9926571038251366
367,0.9930144870013892,0.9924901860385731
368,0.9931732486604485,0.9926571038251366
369,0.9930144870013892,0.9924901860385731
370,0.9933717007342727,0.9928690379606303
371,0.9930144870013892,0.9924901860385731
372,0.9931732486604485,0.9926571038251366
373,0.9928557253423298,0.9923181973369751
374,0.9931732486604485,0.9926571038251366
375,0.9934113911490375,0.9929108302015716
376,0.9929351061718595,0.9924041990270547
377,0.9931732486604485,0.9926571038251366
378,0.9930144870013892,0.9924901860385731
379,0.992816034927565,0.9922784864126957
380,0.9931335582456836,0.992614097254835
381,0.9930144870013892,0.9924895451054024
382,0.9931732486604485,0.9926564768166681
383,0.9930144870013892,0.9924895451054024
384,0.9934113911490375,0.9929108302015716
385,0.9929747965866244,0.9924471943673991
386,0.9929747965866244,0.9924446151876041
387,0.9934113911490375,0.9929102246519177
388,0.9931335582456836,0.992614097254835
389,0.9934113911490375,0.9929108302015716
390,0.9928954157570946,0.99236120001707
391,0.9934907719785672,0.9929968400375779
392,0.9932129390752134,0.9926976128453687
393,0.9933320103195078,0.9928248056718203
394,0.9930938678309188,0.9925717213114754
395,0.9931732486604485,0.9926558497011102
396,0.9931335582456836,0.9926153583472063
397,0.9931732486604485,0.9926558497011102
398,0.9931732486604485,0.9926577307265432
399,0.993054177416154,0.9925306244397968
400,0.9931335582456836,0.9926134665471158
401,0.9931732486604485,0.9926571038251366
402,0.9931335582456836,0.9926128357316709
403,0.9932526294899782,0.9927437254567184
404,0.9932129390752134,0.9926994834137386
405,0.9932526294899782,0.9927437254567184
406,0.9932129390752134,0.9926988599974382
407,0.9932526294899782,0.9927437254567184
408,0.9931732486604485,0.9926564768166681
409,0.9932129390752134,0.9926994834137386
410,0.9932129390752134,0.9926988599974382
411,0.9931732486604485,0.9926583575209151
412,0.9932129390752134,0.9926988599974382
413,0.993292319904743,0.9927842534477606
414,0.9932129390752134,0.9927007299270073
415,0.9932129390752134,0.9926994834137386
416,0.9932129390752134,0.9927007299270073
417,0.9932129390752134,0.9926994834137386
418,0.9932129390752134,0.9927007299270073
419,0.9932129390752134,0.9926994834137386
420,0.9931335582456836,0.9926159887319135
421,0.993292319904743,0.9927842534477606
422,0.9932526294899782,0.9927437254567184
423,0.993292319904743,0.9927842534477606
424,0.9932129390752134,0.9927013530240301
425,0.9932129390752134,0.9926994834137386
426,0.9932129390752134,0.9927013530240301
427,0.9932129390752134,0.9926994834137386
428,0.9932129390752134,0.9927013530240301
429,0.993292319904743,0.9927842534477606
430,0.9932129390752134,0.9927013530240301
431,0.9932129390752134,0.9926994834137386
432,0.9932129390752134,0.9927013530240301
433,0.993292319904743,0.9927842534477606
434,0.9933320103195078,0.9928284811747631
435,0.9933717007342727,0.9928690379606303
436,0.9932129390752134,0.9927013530240301
437,0.9934510815638024,0.9929580470317101
438,0.9933320103195078,0.9928272564255828
439,0.9936098432228617,0.9931240657698057
440,0.9934907719785672,0.992997438087105
441,0.9939273665409804,0.993463493826633
442,0.9933717007342727,0.9928714730866095
443,0.9936892240523914,0.9932094811018578
444,0.9934113911490375,0.9929138563988731
445,0.9935701528080968,0.9930828351836037
446,0.9934113911490375,0.9929138563988731
447,0.9934510815638024,0.9929574459003798
448,0.9935701528080968,0.9930828351836037
449,0.9934113911490375,0.9929138563988731
450,0.993530462393332,0.9930410280493532
451,0.9934113911490375,0.9929144613283251
452,0.9935701528080968,0.9930828351836037
453,0.993530462393332,0.9930410280493532
454,0.9935701528080968,0.9930828351836037
455,0.9934113911490375,0.9929138563988731
456,0.9935701528080968,0.9930828351836037
457,0.9936098432228617,0.9931252401895897
458,0.9934907719785672,0.992999231622983
459,0.9935701528080968,0.9930828351836037
460,0.9935701528080968,0.9930828351836037
461,0.9934907719785672,0.992999231622983
462,0.9935701528080968,0.9930828351836037
463,0.993530462393332,0.9930410280493532
464,0.9935701528080968,0.9930828351836037
465,0.9934907719785672,0.9929980360344974
466,0.9936098432228617,0.9931252401895897
467,0.9936495336376265,0.9931688156434122
468,0.993768604881921,0.9932948964339099
469,0.993768604881921,0.9932977588046958
470,0.9938082952966858,0.9933373195524046
471,0.9936892240523914,0.9932129594058138
472,0.993768604881921,0.9932948964339099
473,0.9936495336376265,0.993170565135735
474,0.9936495336376265,0.9931682322801024
475,0.9935701528080968,0.9930834258389548
476,0.9936495336376265,0.9931682322801024
477,0.9937289144671562,0.9932553572953129
478,0.9936495336376265,0.9931682322801024
479,0.9937289144671562,0.9932553572953129
480,0.9936495336376265,0.9931682322801024
481,0.9936495336376265,0.9931682322801024
482,0.9936495336376265,0.9931682322801024
483,0.993768604881921,0.9932948964339099
484,0.9936098432228617,0.99312582724905
485,0.9937289144671562,0.9932524769388452
486,0.9936892240523914,0.9932118003671605
487,0.9938082952966858,0.9933378886231636
488,0.9936892240523914,0.9932118003671605
489,0.9937289144671562,0.9932530532069348
490,0.9936892240523914,0.9932118003671605
491,0.993768604881921,0.9932954691036426
492,0.9936495336376265,0.9931688156434122
493,0.9937289144671562,0.9932530532069348
494,0.9936495336376265,0.9931688156434122
495,0.9937289144671562,0.9932530532069348
496,0.9938082952966858,0.9933378886231636
497,0.9936495336376265,0.9931688156434122
498,0.9937289144671562,0.9932530532069348
499,0.9938082952966858,0.9933378886231636
500,0.9936495336376265,0.9931688156434122
