learning_rate,n_estimators,cv_accuracy_mean,cv_accuracy_std,cv_f1_mean,cv_f1_std
0.1,50,0.9448532388073195,0.0031697608790378063,0.9396596570255564,0.003293737713015438
0.1,100,0.9489096751301584,0.0008678890881495362,0.9441913036049165,0.0009739862772813007
0.1,200,0.9567049746753445,0.0029002012881925556,0.9527505229127332,0.003291828767106747
0.1,300,0.9652385559501019,0.0016261569098153814,0.962171935537592,0.0017425754366483192
0.1,400,0.9705412851600022,0.0015418209461831884,0.9679297865511781,0.0015840728945802492
0.1,500,0.9732958648508137,0.0008554973232349193,0.9708515738762488,0.0009688319488676015
0.5,50,0.9631587684489968,0.0007716071522985336,0.9602146522593291,0.0008633526362661885
0.5,100,0.9771776532661814,0.0009750590162200423,0.975250189181895,0.0010498461509930463
0.5,200,0.9828534862383167,0.001293726302988266,0.9814357829614103,0.001432068486705126
0.5,300,0.9848618316230017,0.0005492776472457654,0.9836244261154257,0.000597957306630557
0.5,400,0.9859731915934649,0.0007779124466738832,0.9848317055466207,0.0008458547574148519
0.5,500,0.9868622751587391,0.0009011106464639831,0.9858006071957387,0.0009785182534106447
1.0,50,0.9779714858225079,0.001140428517501608,0.9761683754389594,0.0012585964446775466
1.0,100,0.9835202811103481,0.0011324687572719454,0.9821918259653749,0.001241278741559423
1.0,200,0.9896168315337558,0.001338315067658312,0.988820909538882,0.001453930625682235
1.0,300,0.9929349980999989,0.0004214805851236336,0.9924000855609887,0.0004528656338317242
1.0,400,0.9936176839466168,0.0003087966388271899,0.9931338074664542,0.0003304214640812821
1.0,500,0.993974900515205,0.0003098715306738375,0.993517759076536,0.0003310293761119337
