K,giam_chieu_%,phuong_sai_giu_%,acc_cv,acc_cv_std,acc_test,thoi_gian_fit_s,thoi_gian_du_doan_ms_moi_mau,mat_acc_cv_vs_561_diem
2,99.64349376114082,57.36185836791992,0.49846226486858713,0.03627398772002174,0.5771971496437055,0.761834800010547,0.00434336614357968,43.18322840776965
5,99.10873440285205,64.56053924560547,0.7896014533574666,0.038347208109438875,0.7987784187309128,0.7309671000111848,0.0052429589657489025,14.069309558881704
10,98.2174688057041,70.8155746459961,0.8298236844116007,0.051381058834305035,0.833050559891415,0.8770775999873877,0.005361452303045598,10.04708645346829
25,95.54367201426025,79.75948333740234,0.8761106970768878,0.05113403381474477,0.8920936545639634,0.9613084000302479,0.005877400743059276,5.418385186939578
50,91.0873440285205,87.51837158203125,0.8958312330242512,0.04888136936956603,0.9117746861214795,1.3113886999199167,0.005983135403517266,3.4463315922032445
75,86.63101604278076,91.95479583740234,0.9042568461470777,0.04672475143998072,0.9246691550729556,1.8534770000260323,0.006702544959593839,2.603770279920592
100,82.174688057041,94.89151000976562,0.9134363884232369,0.04074839970218443,0.9314557176789956,1.8144397001015022,0.006329962640209423,1.6858160523046672
150,73.2620320855615,98.10538482666016,0.9115566543804239,0.041882791576781625,0.9406175771971497,3.880923099932261,0.010486155423494691,1.8737894565859725
200,64.349376114082,99.36361694335938,0.9230404821273079,0.032960466953139214,0.9514760773668137,7.790946000022814,0.010745062783213846,0.7254066818975669
300,46.524064171122994,99.90988159179688,0.9275034227425879,0.03529237238138446,0.9616559212758737,22.823316400055774,0.01143800474110451,0.2791126203695704
400,28.698752228163993,99.99735260009766,0.9288090067832107,0.037336032720764294,0.9599592806243638,34.565043399925344,0.014340990851246122,0.14855421630729504
561,0.0,100.0,0.9302945489462836,0.03658303350311586,0.9626739056667798,51.49638150003739,0.009177231081626477,0.0
