K,MSE_tai_tao_train,MSE_tai_tao_test,phuong_sai_mat_train_%,phuong_sai_mat_test_%
2,0.42638147,0.39168578,42.638145,45.56547
5,0.35439473,0.33870897,35.439472,39.402588
10,0.2918443,0.28804296,29.184431,33.508526
25,0.20240523,0.20489272,20.240522,23.835518
50,0.12481637,0.13244796,12.481637,15.407894
75,0.080452174,0.0892097,8.0452175,10.377915
100,0.05108496,0.057836156,5.108496,6.728178
150,0.018946266,0.023060773,1.8946266,2.6826987
200,0.0063638873,0.008047197,0.6363887,0.93614405
300,0.0009012386,0.0012150981,0.09012386,0.14135441
400,2.6536789e-05,4.68078e-05,0.0026536789,0.0054452308
