phuong_phap,K,acc_cv,acc_cv_std,acc_test
PCA,10,0.8298236844116007,0.051381058834305035,0.833050559891415
SelectKBest(f_classif),10,0.7518475439012692,0.04654411680202834,0.7567017305734646
PCA,25,0.8761106970768878,0.05113403381474477,0.8920936545639634
SelectKBest(f_classif),25,0.8683252005236355,0.027769081059772376,0.8737699355276553
PCA,50,0.8958312330242512,0.04888136936956603,0.9117746861214795
SelectKBest(f_classif),50,0.8786353258914298,0.028770031426641644,0.9036308109942314
PCA,100,0.9134363884232369,0.04074839970218443,0.9314557176789956
SelectKBest(f_classif),100,0.918322113267531,0.031370191371927765,0.9365456396335257
PCA,200,0.9230404821273079,0.032960466953139214,0.9514760773668137
SelectKBest(f_classif),200,0.9264122384906098,0.04011339673434774,0.9470648116728877
LDA (co giam sat),2,0.6612675562293714,0.030583309206733106,0.6141839158466237
LDA (co giam sat),5,0.946679486359392,0.03313117356646391,0.9626739056667798
