max_depth,so_la,MAE_cv,trong_15%_cv_%,MAE_giam_so_voi_depth_truoc
2,4,3.8929086381763796,35.94324809750519,
3,8,2.716066320847304,53.91787914777565,1.1768423173290756
4,15,2.3225519460499133,62.84342536767512,0.3935143747973906
5,28,2.2291772915642936,64.28785284425817,0.09337465448561977
6,48,2.1456375407120842,66.99075296148047,0.08353975085220933
7,72,2.0941871256622404,68.00017749730651,0.05145041504984382
8,101,2.071499333184428,68.94720124412623,0.022687792477812607
9,136,2.0572291126133,69.39414120401392,0.014270220571127812
10,172,2.0517398155176747,69.81982845808207,0.0054892970956252896
11,196,2.047550322632011,70.26212054217191,0.004189492885663615
12,213,2.045776189346726,70.08214945379056,0.0017741332852851954
