max_depth,MAE_train,MAE_cv,std_MAE_cv,trong_15%_cv_%,so_la
1,6.479798978777223,6.4817124286309,0.035466412208639,21.343614629773896,2
2,3.8891610012763342,3.8929086381763796,0.036765649885090845,35.94324809750519,4
3,2.7184236726772135,2.7247295721383233,0.021731647607092803,53.907917444986154,8
4,2.3817331030582216,2.3972979829790546,0.07763801934333245,58.92388503564071,16
5,2.163167582942781,2.1845102277956205,0.021666478308066475,63.67621020294388,31
6,2.0688668787741005,2.1009239146679652,0.023980851513797398,65.86841182383014,60
7,1.9561481992021434,2.0061729323776682,0.029116786284001536,66.45082476706868,116
8,1.8817378942975007,1.9547903128193114,0.016007804050830837,69.43332504101083,217
9,1.8169955366865254,1.9249831116524774,0.018621118673295287,69.63121780022114,395
10,1.7488495000124362,1.9091487737110238,0.02251607779376387,69.77997732471358,702
11,1.6809678537974342,1.9003830946693205,0.02024156295912812,70.63932242999877,1223
12,1.6114575694695592,1.9045836646879195,0.02079667778800009,71.2011609016281,2084
13,1.5269313857852453,1.9133585354105764,0.02020655359853349,71.48539673933765,3481
14,1.4332436486966909,1.9453329351917747,0.02254846163878126,70.92489480103576,5662
15,1.3253566034913962,1.9817502048224938,0.02137253647654141,70.81200104518106,8858
16,1.211126356542938,2.017562924599511,0.022245268765344543,70.18641484262952,13267
17,1.0863525327489105,2.0600705188833124,0.028428181225478914,69.47050954693597,19016
18,0.9589032683458258,2.1032109522436135,0.026714398735045164,68.62709796181976,26026
19,0.8275035021913805,2.1527567317631657,0.024404794999404015,67.88330210352501,34139
20,0.6993502499614923,2.1958669442763172,0.01596422107533834,67.06712048847507,43263
